Mut	Fitness
225S-226P-228R	0.0454743255004
225S-226P	1.20251889169
225S-226P-228T	0.123177083333
225S-226P-228V	0.00840681951793
225S-226P-228W	0.00862745098039
225S-226P-228L	0.00744500846024
225S-226P-228A	2.88587470449
225S-226P-228C	0.00977777777778
225S-226P-228E	0.033950617284
225S-226P-228G	0.649175452825
225V-228_	0.00426356589147
225P-226Q-228A	3.28901373283
225P-226Q-228G	5.53690869087
225P-226Q-228L	0.0626465661642
225P-226Q-228R	0.0407407407407
225P-226Q	0.323316912972
225P-226Q-228V	0.00924369747899
225P-226Q-228W	0.0132302405498
225R-226F-228R	0.00189982728843
225R-226F-228W	0.259309309309
225R-226F-228V	0.0163604549431
225R-226F-228T	0.056102003643
226R-228V	0.0172537420454
226R-228W	0.0334643377001
226R-228T	0.0306605574647
226R-228R	0.00604754829123
226R	0.0197426748838
226R-228P	0.0783410932919
226R-228Q	0.00265914585012
226R-228_	0.023691186216
226R-228Y	0.0846153846154
226R-228F	0.0213403880071
226R-228G	0.00781334607422
226R-228D	0.0768115942029
226R-228E	0.019937694704
226R-228C	0.0361823361823
226R-228A	0.00813696331884
226R-228N	0.00718954248366
226R-228L	0.0139223057644
226R-228M	0.025751222921
226R-228K	0.0144690407443
226R-228H	0.134975845411
226R-228I	0.0212560386473
225H-228V	0.0623789764869
225H-228R	0.0551839464883
225H-228G	1.97139364303
225H-228A	0.180352303523
225R-226F-228L	0.0189111747851
225R-228M	0.0253358925144
225R-228L	0.0237449799197
225R-228I	0.00113871635611
225E-226D-228G	0.216602316602
225R-228K	0.0132132132132
225R-228E	0.0299238302503
225L-226M-228R	0.0228373702422
225R-228F	0.0071661237785
225E-226D-228L	0.00198198198198
225L-226M-228W	0.0157367668097
225E-226D-228R	0.186423220974
225E-226D-228V	0.125038402458
225R-228T	0.0259879725086
225R-228W	0.0228475711893
225R-228V	0.0268444948922
225R-228R	0.00510004880429
225D-226P-228R	0.0170542635659
225D-226P-228G	0.0357211079274
225P-228P	0.297744360902
225M-226R-228_	0.0191972076789
225M-226R-228T	0.0210069444444
225M-226R-228V	0.0421258304025
225M-226R-228W	0.00512820512821
225M-226R-228P	0.133878292461
225M-226R-228Q	0.00151515151515
225M-226R-228R	0.0042768273717
225M-226R	0.0181818181818
225M-226R-228L	0.00655826558266
225M-226R-228M	0.0260740740741
225M-226R-228K	0.00726072607261
225M-226R-228D	0.156597222222
225M-226R-228E	0.253528528529
225M-226R-228G	0.016242155777
225M-226R-228A	0.00737672583826
225M-226R-228C	0.0048404840484
225A-226P-228R	0.0864821500201
225A-226P	1.27146833681
225A-226P-228P	0.0920205920206
225A-226P-228V	0.0853615520282
225A-226P-228W	0.0449462365591
225A-226P-228T	0.386287625418
225A-226P-228K	0.0141025641026
225A-226P-228L	0.0124871001032
225A-226P-228A	2.68697916667
225A-226P-228G	0.555339805825
225A-226P-228D	0.0155202821869
225A-226P-228E	0.0634171907757
225Y-226A-228V	0.0414492753623
225Y-226A	0.731659056317
225Y-226A-228R	0.0653667595172
225Y-226A-228L	0.0384898710866
225_-226F-228G	0.0424561403509
225Y-226A-228G	0.43137254902
225Y-226A-228A	0.931632653061
225C-228E	0.0485294117647
225V-226C-228A	0.175617902472
225V-226C-228E	0.0750387596899
225V-226C-228G	0.114769647696
225V-226C-228L	0.00459770114943
225C-228A	0.0577565632458
225V-226C-228R	0.0192684183411
225V-226C	0.123873873874
225V-226C-228V	0.00159074475777
225V-226C-228W	0.0031746031746
225C-228C	0.0478260869565
225W-226K-228L	0.021568627451
225W-226K-228A	0.0959302325581
225W-226K-228E	0.252329749104
225W-226K-228G	0.19931880109
225W-226K	0.241388888889
225W-226K-228R	0.00622641509434
225W-226K-228W	0.0040072859745
225W-226K-228V	0.0220735785953
225C-228W	0.0114074074074
225C-228P	0.0210069444444
225D-226M-228G	10.6785024155
225A-226K-228V	0.00988319856244
225P-226S-228L	0.00735171261487
225P-226S-228C	0.0205459770115
225P-226S-228A	2.76989869754
225P-226S-228G	4.35363680154
225P-226S-228D	0.0495495495495
225P-226S-228E	0.00619718309859
225P-226S-228R	0.0312246553122
225P-226S	0.639259259259
225P-226S-228P	0.313545347468
225P-226S-228V	0.0572327044025
225P-226S-228W	0.0148148148148
225P-226S-228T	0.186715867159
225S-226R-228C	0.00936739659367
225S-226R-228A	0.0121373109931
225S-226R-228F	0.0419302514193
225S-226R-228G	0.00982449565923
225S-226R-228D	0.112405176261
225S-226R-228E	0.146164813231
225S-226R-228K	0.0025641025641
225S-226R-228H	0.0778346121057
225S-226R-228I	0.016029143898
225S-226R-228N	0.00458333333333
225S-226R-228L	0.0113425925926
225S-226R-228M	0.0541741741742
225S-226R-228R	0.00987755102041
225S-226R	0.0361474219317
225S-226R-228P	0.4092042186
225S-226R-228Q	0.00861478218306
225S-226R-228V	0.0400911161731
225S-226R-228W	0.0196848290598
225S-226R-228T	0.0933607118412
225S-226R-228Y	0.0453703703704
225S-226R-228_	0.0163907284768
225T-226D-228A	0.097423510467
225T-226D-228G	0.0343500363108
225N-226M-228G	2.15503144654
225T-226D	0.0921675774135
225T-226D-228R	0.0913494809689
225T-226D-228V	0.0571038251366
225D-226R-228Q	0.00682170542636
225D-226R-228P	0.603606237817
225D-226R	0.0393596986817
225D-226R-228R	0.060826343585
225D-226R-228T	0.108105369807
225D-226R-228W	0.0392488262911
225D-226R-228V	0.181232951446
225D-226R-228K	0.0576988155668
225D-226R-228M	0.00601092896175
225D-226R-228L	0.00689223057644
225D-226R-228A	0.0109523809524
225D-226R-228C	0.0530303030303
225D-226R-228E	1.97400419287
225D-226R-228D	0.175438596491
225D-226R-228G	0.026473234368
225E-228A	2.96544074723
225M-226P-228G	6.36463963964
225A-226V-228_	0.0147574819401
225A-226V-228Y	0.0557189542484
225M-226P-228A	1.83668188737
225A-226V-228T	0.197275031686
225A-226V-228V	0.112413585813
225A-226V-228W	0.0075781664017
225A-226V-228P	0.289720194647
225A-226V-228Q	0.158333333333
225A-226V-228R	0.0308612909555
225A-226V	0.682926829268
225M-226P-228V	0.034375
225M-226P-228R	0.0674329501916
225A-226V-228I	0.00588235294118
225A-226V-228K	0.203097893432
225A-226V-228D	0.0505050505051
225A-226V-228E	0.0285185185185
225A-226V-228F	0.0125816993464
225A-226V-228G	0.73454969898
225A-226V-228A	2.39308661013
225A-226V-228C	0.00551378446115
225E-228R	0.0710250201776
225Y-226G-228G	1.83035955664
225Y-226G-228E	0.0377229080933
225Y-226G-228D	0.0211169284468
225Y-226G-228C	0.0114583333333
225Y-226G-228A	11.3704467354
225Y-226G-228L	0.0554621848739
225Y-226G-228W	0.052
225Y-226G-228V	0.0694240196078
225Y-226G-228T	1.45402298851
225Y-226G	8.63325791855
225Y-226G-228R	0.0516711833785
225Y-226G-228P	0.133023255814
225V-226A-228K	0.0405904059041
225V-226A-228H	0.0216845878136
225V-226A-228L	0.00518867924528
225V-226A-228M	0.0613605442177
225V-226A-228C	0.00790655884996
225V-226A-228A	1.94770642202
225V-226A-228F	0.00752136752137
225V-226A-228G	0.887009803922
225V-226A-228D	0.0208860759494
225V-226A-228E	0.0458333333333
225V-226A-228_	0.0427318295739
225V-226A-228R	0.0342925659472
225V-226A	1.3405921681
225V-226A-228P	0.197435897436
225V-226A-228Q	0.0179591836735
225V-226A-228V	0.0177993527508
225V-226A-228W	0.0155310006139
225V-226A-228T	0.838487115544
225R-228H	0.0366666666667
225R-228D	0.034535738143
225R-228G	0.261240703178
225L-226M	2.25011111111
225R-228A	0.0600209863589
225L-226M-228V	0.0147360126084
225R-228_	0.0360529986053
225L-226M-228L	0.0104389086595
225_	0.0554824561404
225L-226M-228A	0.370093457944
225R-226W-228A	0.891915059419
225R-226W-228C	0.00749829584185
225R-226W-228D	0.0282655246253
225R-226W-228E	0.0553775743707
225R-226W-228F	0.0100113765643
225R-226W-228G	0.276231060606
225R-226W-228H	0.0180751173709
225R-228Q	0.0887795275591
225R-226W-228K	0.00773966578716
225R-226W-228L	0.0043392504931
225R-226W-228M	0.0136524822695
225R-226W-228N	0.0539763113367
225L-226M-228E	0.0157142857143
225R-226W-228P	0.358450046685
225R-226W-228Q	0.169863945578
225R-226W-228R	0.00564319610106
225R-226W	0.761106382979
225R-226W-228T	0.0417200854701
225R	0.15520984081
225R-226W-228V	0.0169824561404
225R-226W-228W	0.00488297013721
225R-226W-228Y	0.0
225L-226M-228G	2.3350877193
225R-226W-228_	0.0463157894737
225K-226N-228G	0.201960784314
225S-226T-228E	0.0137656427759
225S-226T-228G	1.10914380715
225S-226T-228A	2.71321171918
225S-226T-228C	0.0502283105023
225S-226T-228L	0.00679012345679
225S-226T-228T	0.285945273632
225S-226T-228V	0.0425483503982
225S-226T-228W	0.0152777777778
225S-226T-228P	0.293665158371
225S-226T-228R	0.121880819367
225S-226T	0.157459677419
225S-226T-228_	0.0180327868852
225L-226I-228A	0.770336391437
225L-226I-228L	0.00555555555556
225L-226I-228V	0.00944206008584
225L-226I-228R	0.0270299145299
225A-226C-228E	0.0224776500639
225E-226Q-228G	1.26303813038
225A-226C	0.176900584795
225K-226A-228A	0.30074906367
225K-226A-228G	0.112854825629
225K-226A-228E	0.0366666666667
225R-226H-228P	0.0531152647975
225R-226H-228R	0.00464723278411
225R-226H-228T	0.21673414305
225K-226A-228L	0.00493273542601
225K-226A	0.0720040281974
225K-226A-228V	0.0078431372549
225R-226H-228A	0.107027027027
225R-226H-228G	0.0696590118302
225_-226_-228G	0.0118977384464
225_-226_-228A	0.0358695652174
225_-226_-228R	0.0540504648074
225A-226T-228G	1.1585039818
225A-226T-228E	0.165517241379
225A-226T-228C	0.0263157894737
225A-226T-228A	1.78080945884
225A-226T-228L	0.0113695090439
225A-226T-228V	0.0471529110685
225A-226T-228W	0.00901639344262
225A-226T-228T	0.396055979644
225A-226T-228R	0.0387387387387
225A-226T	0.58487804878
225A-226T-228P	0.095503875969
225R-226G-228A	0.840835291047
225E-226M-228V	0.855555555556
225C-226F-228G	0.0302588996764
225R-226G-228E	0.0153806899367
225P-226N-228R	0.025462962963
225R-226G-228F	0.0562728380024
225E-226M-228R	0.0951476793249
225P-226N-228G	9.12468193384
225E-226N-228R	0.322045855379
225E-226Q-228R	0.573333333333
226D-228R	0.0955901426719
226D-228T	0.0639254385965
225Y-226E-228G	0.0665674603175
225Y-226E-228R	0.0452054794521
225E-226Q-228V	0.0652125279642
225M-226E-228V	0.0398252184769
225V-226G-228L	0.016049382716
225V-226G-228M	0.0155104342922
225V-226G-228N	0.18720657277
225V-226G-228H	0.0344982078853
225V-226G-228I	0.0818357487923
225V-226G-228K	0.0177011494253
225V-226G-228D	0.0479651162791
225V-226G-228E	0.0316908992999
225V-226G-228F	0.0570800351803
225V-226G-228G	2.97150701993
225V-226G-228A	2.94189824137
225V-226G-228C	0.0340619307832
225V-226G-228_	0.0793883792049
225V-226G-228Y	0.0471428571429
225V-226G-228T	1.00095338983
225V-226G-228V	0.0389856400855
225V-226G-228W	0.0286878565607
225V-226G-228P	0.0731338773043
225V-226G-228Q	0.593205944798
225V-226G-228R	0.0290851401375
225V-226G	4.86594615093
225W-226W-228T	0.145711183496
225W-226W-228W	0.00802083333333
225W-226W-228V	0.00778958017198
225W-226W-228Q	0.112962962963
225W-226W-228P	0.225465838509
225W-226W	1.8340877915
225W-226W-228R	0.0132850241546
226D-228L	0.078781793842
225W-226W-228_	0.0
225W-226W-228E	0.0353413654618
225W-226W-228D	0.01986863711
225W-226W-228G	0.533195497358
225W-226W-228A	2.13427160494
225W-226W-228C	0.0109219858156
225W-226W-228L	0.000909842845327
225F-226S-228A	0.994731182796
225F-226S-228G	0.403646723647
225F-226S-228L	0.013153961136
225F-226S-228R	0.0262574595055
225F-226S	0.704512372635
225F-226S-228V	0.149285714286
225V-226H-228V	0.0352256186317
225E-226Q-228A	7.7
225I-226R-228P	0.0585289514867
225I-226R-228R	0.00401826484018
225I-226R	0.176801266825
225I-226R-228T	0.0233660130719
225I-226R-228V	0.00942367601246
225I-226R-228W	0.00168195718654
225I-226R-228L	0.00542406311637
225I-226R-228A	0.148749154834
225I-226R-228C	0.00514018691589
225I-226R-228E	0.00702426564496
225I-226R-228G	0.633524355301
225P-226W-228V	0.0541955350269
225P-226W-228W	0.0236559139785
225P-226W-228T	0.169357249626
225P-226W-228R	0.0308366184845
225P-226W	1.46449704142
225P-226W-228P	0.325925925926
225P-226W-228G	4.62328646749
225P-226W-228E	0.0748
225P-226W-228A	2.11021806854
225P-226W-228L	0.0128860489883
225N-226A-228A	1.99169909209
225N-226A-228G	0.382947232947
225N-226A-228R	0.0951476793249
225N-226A	2.02578268877
225N-226A-228V	0.037519379845
225P-226E-228V	0.014876690533
225S-226V-228L	0.0122076892588
225S-226V-228M	0.0348101265823
225S-226V-228K	0.134146341463
225S-226V-228H	0.00840978593272
225S-226V-228I	0.00570687418936
225S-226V-228F	0.00960698689956
225S-226V-228G	1.00530446892
225S-226V-228D	0.0161172161172
225S-226V-228E	0.026997716895
225S-226V-228C	0.0149179157744
225S-226V-228A	2.93896068928
225S-226V-228_	0.0336734693878
225S-226V-228Y	0.0181069958848
225S-226V-228V	0.123406754772
225S-226V-228W	0.0183333333333
225S-226V-228T	0.285185185185
225P-226E	0.107715133531
225S-226V-228R	0.0526869158879
225S-226V	0.77352085354
225S-226V-228P	0.628853046595
225S-226V-228Q	0.254317548747
225I-228V	0.00292164674635
225I-228R	0.0185654008439
225L-226K-228L	0.00131421744325
225L-226K-228G	0.0511627906977
225F-228R	0.0173300165837
225F-228V	0.00641025641026
225F-228L	0.0152777777778
225L-226K-228V	0.0249190938511
225L-226K-228W	0.00975177304965
225L-226K-228R	0.00474649406688
225L-226K	0.0882716049383
225L-226K-228P	0.00945017182131
225K-226C-228G	0.173684210526
225K-226C-228R	0.00561941251596
225K-226G-228P	0.0157894736842
225_-226Y-228G	0.0302405498282
225K-226G-228E	0.0220314735336
225T-226K-228G	0.0159090909091
225N	1.06371527778
225N-228R	0.0471428571429
225T-226K-228A	0.0153944020356
225T-226K-228V	0.065671641791
225W-226A-228T	0.243071161049
225N-228G	2.36535947712
225N-228L	0.0322970639033
226N-228R	0.214424951267
226N-228V	0.523961352657
226N-228T	0.114835164835
225V-226E-228V	0.0263130525221
225V-226E-228W	0.0233610341644
225V-226E-228T	0.0591397849462
225A-226I-228V	0.0590511860175
225V-226E-228R	0.0425561312608
225V-226E	0.0290018832392
225V-226E-228P	0.169230769231
225V-226E-228Q	0.0994680851064
225V-226E-228_	0.00392156862745
225V-226E-228G	0.0608272506083
225V-226E-228E	0.0478768577495
225V-226E-228A	0.0564559697461
225V-226E-228L	0.0159420289855
225V-226E-228M	0.0101289134438
225A-226I-228L	0.0
225W-226Q-228W	0.0125203252033
225W-226Q-228V	0.0239583333333
225W-226Q	1.19166666667
225W-226Q-228R	0.0483583750696
225W-226Q-228P	0.005
225W-226Q-228G	0.724210110585
225W-226Q-228E	0.0125954198473
225W-226Q-228A	1.08739255014
225M-226K-228R	0.00309423347398
225F-226Q-228G	0.576470588235
226N-228L	0.0299564270153
225R-226S-228L	0.0177289377289
225R-226S-228M	0.0166666666667
225R-226S-228N	0.0975177304965
225R-226S-228H	0.0130952380952
225R-226S-228I	0.0131343283582
225R-226S-228K	0.0129107981221
225R-226S-228D	0.0194150277358
225R-226S-228E	0.0245340666056
225R-226S-228F	0.0429609445958
225R-226S-228G	0.0894871794872
225R-226S-228A	0.134930522281
225P-226D-228V	0.0420489296636
225R-226S-228C	0.0168145956607
225R-226S-228_	0.0833333333333
225R-226S-228Y	0.0537154989384
225R-226S-228T	0.082006245121
225R-226S-228V	0.0238515251746
225R-226S-228W	0.0125910509886
225R-226S-228P	0.0577394636015
225R-226S-228Q	0.131944444444
225R-226S-228R	0.00660431820806
225R-226S	0.152326621924
225D-226K-228G	0.155396825397
225P-226D	0.139862542955
225R-228C	0.0155231143552
225I-226P-228G	8.66694796062
225P-226Y-228R	0.00162241887906
225P-226Y-228G	1.57180406213
225N-226G-228E	0.0808398950131
225N-226G-228G	0.718937644342
225N-226G-228A	7.74488606253
225N-226G-228C	0.0597285067873
225N-226G-228L	0.0540257648953
225N-226G-228T	3.27824858757
225N-226G-228V	0.0191860465116
225N-226G-228P	0.155013550136
225N-226G-228R	0.114160070361
225N-226G	3.74064327485
225R-226M-228R	0.00495017679203
225S-226H-228R	0.0553656220323
225S-226H	0.31870604782
225S-226H-228V	0.0377450980392
225R-226M-228P	0.437227949599
225S-226H-228A	0.209722222222
225S-226H-228G	0.123404255319
225S-226H-228L	0.021568627451
225M-226G-228C	0.0139492753623
225M-226G-228A	5.52425044092
225M-226G-228G	1.15528859431
225E-226C-228A	0.987077294686
225M-226G-228E	0.0341534856473
225M-226G-228D	0.0429208472687
225M-226G-228K	0.0751157407407
225M-226G-228I	0.0155202821869
225M-226G-228M	0.0478978978979
225M-226G-228L	0.0138969873664
225M-226G	4.38914628915
225M-226G-228R	0.0596149822139
225M-226G-228Q	0.498717948718
225M-226G-228P	0.21402349486
225M-226G-228W	0.0482799525504
225M-226G-228V	0.0198843094722
225M-226G-228T	1.27929515419
225M-226G-228_	0.0139240506329
225E-226C-228L	0.0
225L-226N-228R	0.0525225225225
225L-226N-228L	0.0015873015873
225R-226M-228A	0.076656920078
225R-226M-228G	0.162884615385
225R-226M-228D	0.00182421227197
225K-226E-228G	0.0236559139785
225K-226E-228A	0.0368139223561
225R-226M-228L	0.00401459854015
225K-226E-228V	0.0123397435897
225K-226E	0.128243021346
225K-226E-228R	0.0211723534558
225P-226D-228G	8.35518058022
225E-226P-228R	0.136485580148
226P-228D	0.0490250696379
225E-226P-228L	0.0391585760518
225E-226P-228E	0.0210914454277
226P-228G	4.04642354447
226P-228C	0.0141706924316
226G-228Y	0.968553459119
225W-226S-228A	1.23297188755
225W-226S-228C	0.0068407960199
225W-226S-228E	0.0253968253968
225W-226S-228D	0.0287313432836
225W-226S-228G	0.375411351451
225W-226S-228F	0.041847826087
225W-226S-228K	0.0205607476636
225W-226S-228M	0.0111111111111
225W-226S-228L	0.0159935379645
225W-226S-228Q	0.100732600733
225W-226S-228P	0.0290429042904
225W-226S	1.36843198339
225W-226S-228R	0.0207664130741
225W-226S-228T	0.681209150327
225W-226S-228V	0.0738910012674
225Y-226V	1.30401002506
225V-226K-228R	0.00588235294118
225V-226K	0.314459161148
225V-226K-228V	0.0236559139785
225V-226K-228L	0.0
225V-226K-228A	0.248136958711
225V-226K-228E	0.0194003527337
225V-226K-228G	0.631223628692
225T-226_-228A	0.163149847095
225T-226_-228G	0.058726899384
225T-226_-228R	0.0355987055016
225T-226_	0.0148900169205
225T-226_-228V	0.0148900169205
225F-226W-228G	0.351700680272
225F-226W-228A	2.15263157895
225F-226W-228V	0.00949913644214
225F-226W-228R	0.02578125
225R-226Q-228V	0.0305909617613
225R-226Q-228W	0.0442998760843
225R-226Q-228T	0.111594202899
225R-226Q-228R	0.00264134468457
225R-226Q	0.0897435897436
225R-226Q-228P	0.0112531969309
225R-226Q-228Q	0.174406991261
225R-226Q-228_	0.00341085271318
225R-226Q-228Y	0.0584249084249
225R-226Q-228G	0.0305975852056
225R-226Q-228D	0.0105095541401
225R-226Q-228E	0.0284860557769
225R-226Q-228C	0.0366666666667
225R-226Q-228A	0.0307407407407
225R-226Q-228L	0.00625711035267
225R-226Q-228M	0.0510928961749
225R-226Q-228K	0.00817843866171
225D-226E-228R	0.0340557275542
225D-226E-228V	0.0374814814815
226P-228W	0.0129985228951
225D-226E-228L	0.00996376811594
225D-226E-228A	0.0939831528279
225D-226E-228G	0.0185113268608
226G-228T	2.89954786405
226G-228W	0.36285384171
226P-228Q	0.653003533569
226G-228V	0.202487562189
226G-228Q	0.17883290267
225I-226V-228G	5.47009456265
225I-226V-228A	0.584793187348
225I-226V-228L	0.00909090909091
225I-226V-228V	0.00903755868545
225I-226V-228R	0.0130619168787
225I-226V	4.97124463519
225A-226C-228A	0.759578947368
225A-226C-228G	0.391720529394
225N-226E-228G	0.0274143302181
225A-226C-228W	0.00233545647558
225A-226C-228T	0.0499351491569
226G-228F	0.793023255814
225M-226D-228R	0.213520749665
226G-228L	0.0397827790841
226D-228P	0.688065843621
226D-228Q	0.0315789473684
225M-226E-228G	0.0324894514768
226D	0.0503389830508
225M-226E-228A	0.0860256410256
226D-228V	0.0412429378531
226D-228W	0.018851756641
225M-226E-228L	0.00995475113122
226D-228A	0.0599493029151
226D-228C	0.0248120300752
226D-228D	0.00771929824561
226D-228E	0.0853615520282
225M-226E-228R	0.0356589147287
226D-228K	0.0291005291005
225E	12.6461358314
225L-226W-228R	0.0438567941416
225L-226W	7.70937343358
225L-226W-228P	2.17938856016
225L-226W-228Q	0.175
225L-226W-228V	0.0144167758847
225L-226W-228W	0.00323054331865
225L-226W-228T	0.240229885057
225L-226W-228K	0.05960591133
225L-226W-228L	0.00776014109347
225L-226W-228M	0.0316666666667
225L-226W-228C	0.00885057471264
225L-226W-228A	2.60407324365
225L-226W-228G	0.395315720442
225L-226W-228D	0.0543209876543
225L-226W-228E	0.0218253968254
225Q-226D-228G	0.0218390804598
225K-226G	0.944252873563
225K-226G-228R	0.00711718188354
225K-226G-228W	0.0181518151815
225K-226G-228V	0.0135112240576
225K-226G-228_	0.0508843537415
225K-226G-228A	0.75625
225K-226G-228C	0.0104761904762
225Q-226D-228R	0.0776683087028
225K-226G-228D	0.169534050179
225K-226G-228G	0.199418238994
225K-226G-228K	0.00150273224044
225K-226G-228M	0.00669710806697
225K-226G-228L	0.0539404553415
225C-226P-228A	0.019298245614
225C-226P-228G	0.023746031746
225C-226P-228R	0.00232804232804
225C-226P	0.0224842767296
225C-226P-228V	0.0253846153846
226V-228K	0.114583333333
225Q-226V	0.933054003724
225A-226C-228L	0.00794633642931
225T-226R-228L	0.0203703703704
225A-226C-228R	0.0372471416007
225M-226Q-228G	0.485267489712
225A-226W-228W	0.0055316091954
225A-226W-228V	0.0216535433071
226V-228L	0.01584
225A-226W	5.94723991507
225A-226W-228R	0.0128753180662
225A-226W-228P	0.624584426947
225A-226W-228M	0.0376068376068
225A-226W-228L	0.0185990338164
225A-226C-228V	0.0254519161244
225A-226W-228G	0.248060849214
226V-228F	0.0165165165165
225E-226_-228R	0.00752688172043
225V-226I-228G	2.84815864023
225T-226Y-228G	0.862121212121
225V-226I-228R	0.0157315731573
225V-226I-228V	0.0169230769231
225T-226Y-228R	0.0236559139785
225H-226G	2.79369158879
225R-226_-228P	0.0933333333333
225R-226_-228Q	0.043137254902
225R-226_-228R	0.0809133169264
225R-226_	0.0235714285714
225R-226_-228T	0.0309236947791
225R-226_-228V	0.0629578754579
225R-226_-228W	0.0407407407407
225R-226_-228K	0.0137254901961
225R-226_-228L	0.0310208685843
225R-226_-228A	0.0675203252033
225R-226_-228C	0.0144563918757
225R-226_-228D	0.068407960199
225R-226_-228E	0.064810330912
225R-226_-228G	0.0305391366649
225H-226G-228G	1.0285198556
225D-226G-228C	0.0237770193402
225D-226G-228A	0.328571428571
225D-226G-228G	0.0865127175368
225D-226G-228D	0.047582697201
225D-226G-228E	0.0490673154907
225D-226G-228K	0.200145560408
225D-226G-228L	0.0196549599507
225D-226G-228M	0.00594594594595
225D-226G-228R	0.349838969404
225D-226G	0.23864216437
225D-226G-228P	0.0633865248227
225D-226G-228Q	0.0249645390071
225D-226G-228V	0.0260642570281
225D-226G-228W	0.0256900212314
225D-226G-228T	0.643112513144
225D-226G-228_	0.0858156028369
225I-226T-228G	2.1887755102
226V-228Q	1.05254901961
225A-226A-228E	0.0205703599813
225A-226A-228D	0.114583333333
225A-226A-228G	0.299966250422
225A-226A-228F	0.012865497076
225A-226A-228A	1.68026916607
225A-226A-228C	0.0039941902687
225R-226D-228T	0.109375
225A-226A-228M	0.0483796296296
225A-226A-228L	0.0248508098892
225A-226A-228I	0.0115183246073
225A-226A-228K	0.0222577209798
225A-226A-228T	0.138122977346
225A-226A-228W	0.0235042735043
225A-226A-228V	0.0216255868545
225A-226A-228Q	0.222049689441
225A-226A-228P	0.526908396947
225A-226A	1.26147511636
225A-226A-228R	0.0619635193133
225R-226D-228Q	0.00586666666667
225A-226A-228_	0.0491173416407
225A-226A-228Y	0.0244444444444
225E-228L	0.0170542635659
225R-228Y	0.0030303030303
225R-226D-228R	0.0439633638634
225S-228_	0.00894308943089
225S-228Y	0.063768115942
225S-228T	0.182887266829
225S-228V	0.0945467677862
225S-228W	0.00489821882952
225S-228P	1.62455146364
225S-228Q	0.319135802469
225S-228R	0.064535440613
225S	0.994685423994
225S-228L	0.0148648648649
225S-228M	0.00682170542636
225S-228I	0.0114583333333
225S-228K	0.0998581560284
225S-228D	0.0570934256055
225S-228E	0.0626388888889
225S-228F	0.0861823361823
225S-228G	2.80034263338
225S-228A	0.392075337598
225S-228C	0.0461868037704
226F-228R	0.0171631205674
226F-228V	0.954373522459
226F-228W	0.0274509803922
226F-228A	2.63435897436
225M-226C-228R	0.0103773584906
225L-226Q-228T	1.46274509804
225L-226Q-228V	0.0163366336634
225L-226Q-228W	0.00466101694915
225L-226Q-228P	0.754017094017
225L-226Q-228R	0.126220145379
225L-226Q	2.18564257028
225L-226Q-228L	0.00394265232975
225L-226Q-228E	0.066511627907
225L-226Q-228G	0.62135030046
225L-226Q-228A	0.879820261438
225H-226R-228V	0.0482853223594
225E-228V	0.407407407407
225E-228W	0.0161172161172
225E-228T	1.24695767196
225L-226E-228A	0.0569050832209
225C-226R-228R	0.00305216426193
225C-226R	0.0018779342723
225C-226R-228P	0.00497416020672
225C-226R-228Q	0.00413145539906
225C-226R-228V	0.0063670411985
225C-226R-228W	0.011075781664
225C-226R-228T	0.0204176334107
225C-226R-228Y	0.0611111111111
225C-226R-228_	0.0407407407407
225C-226R-228C	0.0142050040355
225C-226R-228A	0.0030612244898
225C-226R-228F	0.0341968911917
225C-226R-228G	0.00552070263488
225C-226R-228D	0.0190867579909
225C-226R-228E	0.00244852531998
225C-226R-228K	0.0
225C-226R-228H	0.0
225C-226R-228L	0.0322072072072
225C-226R-228M	0.0247747747748
225L-226E	0.0348230912477
225R-228P	0.20024600246
225_-226W-228V	0.120457280385
225_-226W	0.0491228070175
225_-226W-228R	0.0196428571429
225_-226W-228L	0.142807017544
225_-226W-228G	0.0197513812155
225_-226W-228A	0.131098696462
225E-226Y-228G	0.975445292621
225L-226P-228W	0.037786259542
225L-226P-228V	0.0267948717949
225L-226P-228T	0.198470948012
225L-226P	0.644800569801
225L-226P-228R	0.0424621804903
225L-226P-228P	0.122222222222
225L-226P-228L	0.00899795501022
225L-226P-228G	4.7340537545
225S-226G-228F	0.285362318841
225W-226_-228L	0.00320232896652
225W-226_-228G	0.0509259259259
225W-226_-228A	0.0217606330366
225W-226_-228V	0.0114226375909
225W-226_	0.0256515775034
225W-226_-228R	0.0536258379037
226T-228R	0.00438658221909
225C-226I-228G	0.19012345679
225P-226_-228G	0.0334549878345
225P-226_-228V	0.00445344129555
225P-226_	0.0218018018018
225D-226A-228E	0.0764705882353
225D-226A-228G	0.366193548387
225D-226A-228A	4.63824027073
225D-226A-228L	0.0283261802575
225D-226A-228V	0.0422338568935
225D-226A-228W	0.0353637901861
225D-226A-228R	0.149084249084
225D-226A	1.2023255814
225A-226G-228N	0.063768115942
225A-226G-228M	0.034670487106
225A-226G-228K	0.0481751824818
225A-226G-228I	0.00506912442396
225A-226G-228H	0.198141025641
225A-226G-228G	2.18248332257
225A-226G-228F	0.105532212885
225A-226G-228E	0.0228206662677
225A-226G-228D	0.103137689184
225A-226G-228C	0.00805860805861
225A-226G-228A	2.63577603538
225A-226G-228_	0.0931531531532
225A-226G-228Y	0.0596021947874
225A-226G-228W	0.0877902155887
225A-226G-228V	0.0244349735245
225A-226G-228T	1.19941422594
225A-226G	1.79677315263
225A-226G-228R	0.042940844275
225A-226G-228Q	0.119871794872
225A-226G-228P	0.801587301587
225S-226N-228G	1.23111573112
225M-226A	0.729326047359
225M-226A-228R	0.0627516778523
225M-226A-228T	0.19298245614
225M-226A-228W	0.0118279569892
225S-226N-228A	1.41569506726
225S-226N-228L	0.0575163398693
225S-226N-228V	0.022514619883
225S-226N-228R	0.0113935969868
225M-226A-228G	0.587587168759
225M-226A-228L	0.00844298245614
225E-226V-228L	0.0184210526316
225E-226V-228A	10.6567260138
225E-226V-228C	0.0230125523013
225E-226V-228D	0.0626016260163
225E-226V-228E	0.054609929078
225E-226V-228G	0.448563023308
225E-226V-228_	0.0287958115183
225E-226V-228P	0.158004385965
225E-226V-228R	0.183333333333
225E-226V	0.0534579439252
225E-226V-228T	1.94822222222
225E-226V-228V	0.268770226537
225E-226V-228W	0.0288389513109
225L-226S-228F	0.031746031746
225L-226S-228G	0.545507382972
225L-226S-228D	0.0639667705088
225L-226S-228E	0.0980463980464
225L-226S-228C	0.0526595744681
225L-226S-228A	1.86962962963
225L-226S-228L	0.00988179669031
225L-226S-228M	0.0230125523013
225L-226S-228K	0.067197875166
225L-226S-228H	0.00202578268877
225L-226S-228I	0.00394265232975
225L-226S-228V	0.00895182291667
225L-226S-228W	0.0327272727273
225L-226S-228T	0.760121765601
225L-226S-228R	0.0504755111745
225L-226S	0.796803118908
225L-226S-228P	0.130023640662
225L-226S-228Q	0.0208778173191
225L-226S-228_	0.0232222222222
225L-226S-228Y	0.0136524822695
225K-226K-228R	0.0
225Q-226H-228G	0.130952380952
225K-226K-228G	0.00136815920398
225C-226T-228V	0.00378006872852
225C-226T-228R	0.00949913644214
225C-226T	0.0163956639566
225C-226T-228G	0.248545861298
225C-226T-228A	0.156569343066
225C-226T-228L	0.015770609319
225_-226Q-228G	0.0838095238095
225_-226Q-228R	0.0155128205128
226I-228A	1.63742478941
225A-226H-228A	0.493483709273
225A-226H-228G	0.385031663788
225N-226P-228G	1.20148809524
225Y-226S-228A	1.36307922272
225Y-226S-228G	0.323320413437
225A-226H-228L	0.00833333333333
225Y-226S	0.721212121212
225Y-226S-228R	0.0807339449541
225Y-226S-228V	0.140579710145
225A-226H-228V	0.0715076071923
225S-226N	0.031641285956
225W-226Y-228V	0.00959860383944
225W-226Y-228R	0.0203703703704
225W-226Y-228G	1.17554945055
225V-226M-228L	0.00144927536232
225V-226M-228G	0.800495049505
225V-226M-228A	3.45298013245
225V-226M-228V	0.00564102564103
225V-226M-228W	0.00975177304965
225V-226M-228R	0.0337423312883
225V-226M	8.4224691358
225Q-226V-228G	0.676176470588
225N-226Q-228G	0.223104056437
225Q-226S-228A	2.09651257097
225Q-226S-228G	0.306057053537
225Q-226S-228E	0.0272197962154
225Q-226S-228L	0.0267206477733
225Q-226S	0.680448717949
225Q-226S-228R	0.0548286604361
225Q-226S-228W	0.0047619047619
225Q-226S-228V	0.0814814814815
225Q-226S-228T	0.938184663537
225P-226A-228P	0.12123655914
225P-226A-228R	0.016547008547
225P-226A	0.889346405229
225C-226K-228A	0.00572916666667
225P-226A-228V	0.0416249304396
225P-226A-228W	0.0741134751773
225P-226A-228A	1.71283697047
225P-226A-228C	0.00544554455446
225P-226A-228D	0.0252361673414
225P-226A-228G	2.23232689211
225P-226A-228K	0.0186728395062
225P-226A-228L	0.0261904761905
225P-226A-228M	0.00756013745704
225D-226C-228G	0.302629107981
225D-226C-228R	0.00621468926554
225A-226E-228Q	0.0628571428571
225A-226E-228P	0.10218579235
225A-226E	0.0531854379977
225A-226E-228R	0.0815149029259
225A-226E-228T	0.0906007751938
225A-226E-228W	0.0406446540881
225A-226E-228V	0.055737704918
225A-226E-228_	0.0229166666667
225A-226E-228A	0.0476360746921
225A-226E-228C	0.0225845410628
225A-226E-228E	0.0249370277078
225A-226E-228D	0.0196679438059
225A-226E-228G	0.0549570647931
225A-226E-228K	0.022
225A-226E-228L	0.026791927627
225E-226T-228R	0.209239130435
225E-226T-228V	0.0690821256039
225E-226T-228A	0.461197916667
225Q-226N-228G	1.54103773585
225C-226V-228V	0.00526630760024
225C-226V-228W	0.00643274853801
225C-226V-228T	0.00804093567251
225C-226V-228R	0.0349434290688
225C-226V	0.0433977455717
225C-226V-228P	0.00618846694796
225C-226V-228L	0.00175438596491
225C-226V-228G	0.0952086553323
225C-226V-228D	0.0078853046595
225C-226V-228E	0.0177011494253
225C-226V-228C	0.0249563699825
225C-226V-228A	0.111923688394
225_-226S-228L	0.060641025641
225_-226S-228A	0.0171875
225_-226S-228E	0.0
225_-226S-228G	0.0541062801932
225_-226S	0.0750487329435
225_-226S-228R	0.0195266272189
225_-226S-228W	0.00474137931034
225_-226S-228V	0.00088141025641
225W-226D-228A	0.124618736383
225W-226D-228E	0.0173684210526
225W-226D-228G	8.27085179714
225W-226D-228L	0.013153961136
225W-226D-228R	0.118385650224
225W-226D	0.0624113475177
225W-226D-228V	0.0878243512974
225R-226E-228R	0.0253522981694
225R-226E-228P	0.109945839488
225R-226E-228Q	0.0228110599078
225R-226E-228V	0.0254207485556
225R-226E-228T	0.0714161220044
225E-226K-228V	0.196618357488
225R-226E-228A	0.0343623667769
225R-226E-228F	0.00944206008584
225R-226E-228G	0.0241078954763
225R-226E-228E	0.0344729344729
225L-226F-228L	0.00191972076789
225Y-226Q-228G	0.498009950249
225F-226C-228G	0.0993311036789
225M-226C-228G	0.269983416252
226F	0.717948717949
225T-226W-228A	3.14274425287
225T-226W-228G	0.103714285714
225T-226W-228L	0.00124293785311
225T-226W-228R	0.0291666666667
225T-226W	2.97094017094
225T-226W-228P	2.36535947712
225T-226W-228V	0.00666666666667
225T-226W-228W	0.0293952180028
225T-226W-228T	0.345203252033
225H-226Q-228G	0.417301587302
226F-228L	0.0202099737533
225M-226C-228V	0.0100917431193
225V-226S-228P	0.159726027397
225V-226S-228Q	0.0814814814815
225V-226S-228R	0.0514673311185
225V-226S	1.51549413735
225V-226S-228T	2.44280607685
225V-226S-228V	0.0260162601626
225V-226S-228W	0.00448065173116
225V-226S-228Y	0.0113402061856
226F-228G	0.322205588822
225V-226S-228A	3.54404761905
225V-226S-228C	0.0106280193237
225V-226S-228D	0.0349710982659
225V-226S-228E	0.0201125175809
225V-226S-228F	0.0173684210526
225V-226S-228G	0.572022880915
225V-226S-228I	0.0040072859745
225V-226S-228K	0.00924369747899
225V-226S-228L	0.0150131233596
225V-226S-228M	0.0229166666667
225R-226Y-228L	0.0172549019608
225R-226Y-228G	0.575259259259
225R-226Y-228E	0.0172955974843
225R-226Y-228A	0.755861581921
225R-226Y-228V	0.0121463077985
225R-226Y-228W	0.0
225R-226Y-228T	0.0586666666667
225R-226Y-228R	0.00209224916786
225R-226Y	1.0410331384
225R-226Y-228P	0.0932748538012
225F-226_-228G	0.0275985663082
225Q-226Q-228G	0.575087719298
225Q-226Q-228A	0.807704402516
225Q-226Q-228V	0.0211169284468
225Q-226Q-228R	0.0744157441574
225C-226M-228G	0.110894308943
225P-226C	0.0201307189542
225P-226C-228L	0.0
225C-226M-228V	0.0161764705882
225P-226C-228A	0.0293844367015
225C-226M	0.00558375634518
225P-226C-228G	0.154761904762
228H	0.122222222222
228I	0.0603921568627
228K	0.292857142857
228M	0.122798742138
225A-226K	0.0141025641026
228A	0.400120845921
228C	0.0333917104495
228E	0.0390637610977
228F	0.025
228G	0.864405113078
228Y	0.169333333333
228_	0.0431851851852
228Q	1.91120071685
225A-226K-228A	0.0102803738318
228T	0.169522402757
228V	0.0723102938068
228W	0.0212280701754
226G	1.65567318132
225C-226A-228V	0.00301163586585
225R-226D-228V	0.0437810945274
225M-226M-228R	0.066493955095
225M-226M-228G	1.05866666667
225M-226M-228A	0.136787564767
225E-226R-228T	0.142419080068
225E-226R-228V	0.117296389589
225E-226R-228W	0.0190621814475
225E-226R-228P	0.173522853958
225E-226R-228Q	0.00859375
225E-226R-228R	0.0173187022901
225E-226R	0.0704681450194
225E-226R-228_	0.103823178017
225E-226R-228Y	0.0485540334855
225E-226R-228D	0.102368866328
225E-226R-228E	1.00366804218
225E-226R-228F	0.0392156862745
225E-226R-228G	0.0331981981982
225E-226R-228A	0.0101583113456
225E-226R-228C	0.022431372549
225E-226R-228L	0.0224662813102
225E-226R-228M	0.0367935409458
225E-226R-228N	0.381865284974
225E-226R-228H	0.0161527165932
225E-226R-228I	0.0244444444444
225E-226R-228K	0.0385310734463
225A-226V-228L	0.0152965235174
225L-226_-228V	0.0497318007663
225L-226_-228W	0.0129793510324
225L-226_-228T	0.0173684210526
225A-226V-228M	0.0244444444444
225L-226_-228A	0.0401826484018
225L-226_-228G	0.0475793650794
225L-226_-228E	0.0
225L-226_-228L	0.00971302428256
225P-226G-228C	0.0115646258503
225Q-228V	0.221958456973
225Q-228W	0.034375
225Q-228T	0.276909722222
225Q-228R	0.0823371028541
225Q	1.39215053763
225Q-228L	0.0028314028314
225Q-228G	4.39741176471
225Q-228A	0.507319223986
225P-226G-228M	0.0125816993464
225P-226G-228K	0.0609679937549
225P-226G-228H	0.0201465201465
225P-226G-228V	0.0207501109632
225P-226G-228W	0.0328070175439
225P-226G	2.13912375096
225P-226G-228Q	0.0390396659708
225_-226M-228R	0.0569579288026
225_-226M-228G	0.0195035460993
225W-226F-228G	0.935
225W-226F-228R	0.00172955974843
225Y-226W	3.16807760141
225Y-226W-228R	0.0152249134948
225Y-226W-228G	0.272043010753
226G-228N	0.471682847896
225R-226D-228M	0.00994832041344
226G-228I	0.028035982009
225T-226Q-228G	0.478352490421
225T-226Q-228A	2.20788530466
225T-226Q-228V	0.165797101449
225T-226Q-228R	0.133147113594
225T-226Q	1.21479750779
226H-228P	0.854368932039
225H-226S-228A	1.79929676512
225H-226S-228G	0.276208411802
225H-226S-228L	0.00361247947455
225H-226S-228R	0.154994742376
225H-226S	0.389686098655
225H-226S-228V	0.0552820512821
225S-226Y-228A	4.13475177305
225S-226Y-228G	1.63905472637
225V-226Q	1.1
225V-226Q-228V	0.0170103092784
225V-226Q-228W	0.00301783264746
225S-226Y-228L	0.03
225S-226Y	1.09686609687
225S-226Y-228R	0.0237954768928
225S-226Y-228V	0.042054958184
225V-226Q-228L	0.00998702983139
225V-226Q-228A	4.48048780488
225V-226Q-228G	4.043359375
225V-226Q-228E	0.00495495495495
225R-226G-228P	0.0211155378486
225R-226G-228Q	0.113402061856
225E-226M-228G	4.8575
225R-226G	1.08566567065
225R-226G-228T	0.186897717667
225R-226G-228V	0.0142339544513
225R-226G-228W	0.0115961957144
225R-226G-228Y	0.0280339805825
225R-226G-228_	0.051012042019
225R-226G-228C	0.0108190271817
225R-226G-228D	0.0505156645262
225R-226G-228G	0.163683587585
225R-226G-228H	0.0187739463602
225R-226G-228I	0.00884094754653
225R-226G-228K	0.00778428501708
225R-226G-228L	0.0171436667611
225R-226G-228M	0.017387687188
225R-226G-228N	0.0860302049622
225L-226D-228A	0.0962292609351
225L-226D-228G	0.151752423565
225L-226D-228E	0.0100917431193
225L-226D-228L	0.0348670756646
225L-226D	0.0692913385827
225L-226D-228R	0.257525083612
225L-226D-228P	0.138116591928
225L-226D-228W	0.00502283105023
225L-226D-228V	0.0112531969309
225Q-226W-228L	0.0233333333333
225Q-226W-228G	0.341643454039
225Q-226W-228A	2.93696369637
225Q-226W-228V	0.0653465346535
225Q-226W	3.11236979167
225Q-226W-228R	0.0264741275572
225I-228G	1.04276422764
225I-228A	4.41106321839
225P-226E-228T	0.0158653846154
225P-226E-228W	0.00331825037707
225P-226E-228P	0.0607843137255
225P-226E-228R	0.107128514056
225P-226E-228L	0.0
225P-226E-228E	0.0616519174041
225P-226E-228G	1.71288244767
225P-226E-228A	0.122222222222
225D-226_-228G	0.00776836158192
225M-226K-228G	0.0257113821138
226N	0.031884057971
226N-228W	0.106944444444
225A-226I	1.9770519263
226N-228E	0.0277477477477
225A-226I-228G	1.40217755444
225N-226S-228A	6.0110619469
225N-226S-228G	0.482030728123
225N-226S-228R	0.0495807127883
225N-226S	0.638888888889
225N-226S-228V	0.0186928104575
225N-226S-228W	0.142487046632
225R-226K-228V	0.00833333333333
225E-226A-228L	0.0
225S-226D-228T	0.127624309392
225S-226D-228V	0.00844854070661
225S-226D-228W	0.0393419170243
225S-226D-228P	0.164485981308
225S-226D-228R	0.0818285065304
225S-226D	0.035396039604
225S-226D-228E	0.0112244897959
225S-226D-228G	0.0419168591224
225S-226D-228A	0.0868640850418
225S-226D-228L	0.0146216768916
225K-226Q-228R	0.0
225E-226P-228V	0.0436507936508
225E-226P	0.235614702155
225K-226Q-228A	0.0388007054674
225K-226Q-228G	0.0170309653916
225E-226P-228G	0.135487804878
225E-226P-228A	4.28440999139
225R-226K-228D	0.0319502074689
225L-226Y-228V	0.00115303983229
225L-226Y-228R	0.0208530805687
225L-226Y	1.99047619048
225L-226Y-228G	1.4730994152
225L-226Y-228A	3.19173228346
225L-226Y-228L	0.00148448043185
225R-226K-228M	0.0
225E-226A	1.00739986422
225R-226K-228K	0.0
226E-228C	0.0344287949922
226E-228D	0.00816831683168
225R-226F-228G	0.370319634703
226E-228K	0.0217915590009
225T-226S-228L	0.0165
225T-226S-228G	0.437272727273
225T-226S-228E	0.00696202531646
225T-226S-228C	0.0502283105023
225T-226S-228A	1.78579040853
225T-226S-228V	0.0370309050773
225T-226S-228W	0.0239651416122
225T-226S-228T	0.113333333333
225T-226S-228R	0.0322593969434
225T-226S	0.66121463078
225V-226W-228T	0.181923076923
225V-226W-228V	0.0083081570997
225V-226W-228W	0.00850515463918
225V-226W-228P	0.572274143302
225V-226W-228Q	0.0429078014184
225V-226W-228R	0.00787426081544
225V-226W	1.56975088968
225V-226W-228L	0.0101149425287
225V-226W-228K	0.041156462585
225V-226W-228D	0.0344729344729
225V-226W-228E	0.00470085470085
225V-226W-228G	0.111604025467
225V-226W-228A	1.40538812785
225V-226W-228C	0.0163292847503
225R-226E-228Y	0.0379310344828
225R-226E-228_	0.0121546961326
225E-226K-228G	0.229438943894
225R-226E	0.0336766809728
225R-226E-228W	0.0171592775041
225E-226K-228A	0.0789237668161
225R-226E-228K	0.0192475940507
225R-226E-228H	0.0217283950617
225R-226E-228I	0.0109686609687
225R-226E-228N	0.0192063492063
225R-226E-228L	0.0126300681737
225R-226E-228M	0.0140639269406
225R-226E-228C	0.0309327846365
225E-226K	0.743297101449
225E-226K-228R	0.0904914529915
225R-226E-228D	0.0117804551539
225L-226F-228G	0.538135003479
225L-226F-228A	2.60094850949
225L-226F-228V	0.0213001383126
225L-226F	2.0378559464
225L-226F-228R	0.00430107526882
225L-226H-228G	0.192735042735
225C-226A	0.115835312747
225C-226A-228R	0.00217606330366
225C-226A-228W	0.0060706401766
225C-226A-228T	0.0598639455782
225C-226A-228L	0.0117248062016
225C-226A-228C	0.0278985507246
225C-226A-228A	0.102609262883
225C-226A-228G	0.0744892002335
225C-226A-228E	0.00246085011186
225P-226G-228F	0.0446700507614
225P-226G-228G	1.2069664903
225P-226G-228D	0.0446627373936
225P-226G-228E	0.0560784313725
225P-226G-228A	0.247890178736
225P-226G-228N	0.0355987055016
225P-226G-228L	0.0301729278473
225P-226G-228I	0.00660660660661
225P-226G-228T	0.229531388152
225P-226G-228R	0.0462241997281
225P-226G-228P	0.0901789429879
225P-226G-228_	0.0087929656275
225P-226G-228Y	0.0679536679537
226C-228C	0.0277777777778
225L-226H-228V	0.0379310344828
225L-226H	0.34696969697
225L-226H-228R	0.0104303428155
226H-228W	0.00856031128405
226H-228R	0.0436633189861
226H-228E	0.0138364779874
226H-228G	0.0379695431472
226H-228A	0.153113553114
225S-226F-228V	0.0206572769953
225S-226F-228R	0.0129273504274
225S-226F	3.72827868852
225S-226F-228G	1.25420560748
225S-226F-228A	3.08481338481
225K-226S-228W	0.0324031007752
225K-226S-228V	0.0355175688509
225K-226S	0.134022988506
225K-226S-228R	0.0107357357357
225K-226S-228E	0.112691131498
225K-226S-228G	0.193429951691
225K-226S-228A	0.150526315789
225K-226S-228L	0.00275689223058
225Q-226T-228G	0.573378076063
225Q-226T-228A	1.78521870287
225V-226T-228A	0.737121212121
226T-228A	1.36140804598
226T-228C	0.00973451327434
225T-228W	0.00238870792617
226T-228E	0.0210230466554
225V-226T-228G	2.19447236181
226T-228G	0.488679245283
226T-228M	0.101851851852
225T-228C	0.0177133655395
226T-228Q	0.024
225V-226T	1.15975308642
225V-226T-228R	0.0173893405601
226T-228T	0.259915611814
225V-226T-228T	0.350410509031
226T-228V	0.354605263158
225V-226T-228V	0.0173282923756
225T-228L	0.0266990291262
226W-228D	0.0685358255452
226W-228G	0.262126339538
226W-228A	2.52119422572
225K-226G-228Q	0.0259722222222
225T-226M-228V	0.037037037037
226W-228M	0.562662662663
226W-228I	0.0243197278912
226W-228H	0.6875
226W-228K	0.0080967402734
225T-226M-228A	0.875925925926
226W-228W	0.178008298755
226W-228V	0.411502875719
226W-228Q	0.462074829932
226W-228P	1.26666666667
226W	0.771149309066
226W-228R	0.0215783168613
226W-228_	0.0172043010753
225H-226W-228G	0.133701657459
225H-226W-228A	1.25118483412
225H-226W-228R	0.00448979591837
225R-226W-228I	0.00975918884664
225R-226C-228V	0.0031415748674
225R-226C-228W	0.00816831683168
225R-226C-228P	0.0164035087719
225R-226C-228Q	0.00987179487179
225R-226C	0.0594040968343
225R-226C-228M	0.0
225R-226C-228H	0.00190972222222
225R-226C-228I	0.00921273031826
225E-226I-228G	3.26507936508
225R-226C-228D	0.017571884984
225R-226C-228E	0.0037037037037
225R-226C-228G	0.0482943246137
225F-226A-228R	0.0322344322344
225F-226A	0.939689922481
225F-226A-228V	0.0545846817691
225F-226A-228L	0.0100732600733
225F-226A-228A	1.58345679012
225F-226A-228G	0.772830640335
225C-226C-228V	0.0458333333333
225C-226C-228R	0.0708588957055
225C-226C-228L	0.00200364298725
225C-226C-228G	0.487104622871
225C-226C-228A	0.154468085106
225P-226I-228G	1.69411027569
225P-226I-228R	0.0117021276596
225M-226W	8.25728848114
225M-226W-228R	0.0156695156695
225M-226W-228V	0.0272522522523
225M-226W-228A	3.73833805477
225M-226W-228G	0.545045045045
225M-226W-228L	0.00568475452196
225A-226M-228L	0.0174050632911
225N-226W-228R	0.0274376417234
225A-226M-228A	0.338738738739
225A-226M-228E	0.0429078014184
225A-226M-228G	1.35630630631
225N-226W-228G	0.362896315338
225A-226M-228R	0.0493457943925
225A-226M-228W	0.0173684210526
226V-228H	0.0310344827586
225I-226G-228P	0.392012288786
225_-226K-228G	0.0876811594203
225_-226K-228R	0.0835924006908
225W-228_	0.0108910891089
225W-228P	0.414008438819
225W-228Q	0.0972463768116
225W-228R	0.0115559341283
225W	0.402501454334
225W-228T	0.0350935093509
225W-228V	0.00284237726098
225W-228W	0.0109181141439
225W-228L	0.00924924924925
225W-228A	0.262334701322
225W-228C	0.00390070921986
225W-228D	0.0557189542484
225W-228E	0.0214676034348
225W-228G	3.79694427801
225_-226V-228W	0.00342679127726
225A-226V-228H	0.0308259587021
225E-226M-228A	2.04453333333
226Y-228V	1.00017969452
226Q-228M	0.00331825037707
226Q-228L	0.0184701492537
226Q-228K	1.08491083676
226Q-228G	0.138785046729
226Q-228E	0.03347487615
226Q-228D	0.0246913580247
226Q-228C	0.0207087486157
226Q-228A	0.57976559807
226Q-228_	0.0124822695035
226Q-228W	0.0331861662987
226Q-228V	1.80572016461
226Q-228T	0.0776155717762
226Q	1.02155309033
226Q-228R	0.142727495708
226Q-228Q	1.10491071429
226Q-228P	1.9483490566
225S-226_	0.0325925925926
225S-226_-228R	0.016384180791
225S-226_-228T	0.0197132616487
225S-226_-228W	0.0402046783626
225S-226_-228V	0.073860911271
225S-226_-228A	0.0270977675135
225S-226_-228C	0.00591397849462
225S-226_-228E	0.0109219858156
225S-226_-228G	0.0326659993327
225S-226_-228L	0.0393270241851
225E-226G-228Y	0.108583690987
225E-226G-228_	0.0288998357964
225E-226G	0.501929969672
225E-226G-228R	0.239623614334
225E-226G-228Q	0.0346747149564
225E-226G-228P	0.13197945845
225E-226G-228W	0.0264381402679
225E-226G-228V	0.0207786224372
225E-226G-228T	1.60654320988
225E-226G-228K	0.0724603174603
225E-226G-228I	0.0349206349206
225E-226G-228H	0.0274596182085
225E-226G-228M	0.0147849462366
225E-226G-228L	0.0102179349768
225E-226G-228C	0.0270491803279
225E-226G-228A	0.892516227568
225E-226G-228G	0.165897114178
225E-226G-228F	0.124856321839
225E-226G-228E	0.0431614349776
225E-226G-228D	0.0364389233954
225R-226A-228F	0.00618473895582
225R-226A-228G	0.0604889272361
225R-226A-228D	0.0317656765677
225R-226A-228E	0.0215053763441
225R-226A-228C	0.0113492063492
225R-226A-228A	0.105050134507
225F-226G-228T	1.57596153846
225F-226G-228V	0.0834151663939
225R-226A-228M	0.00902167545401
225F-226G-228P	0.15211062591
225R-226A-228H	0.00850515463918
225F-226G	12.3775193798
225R-226A-228V	0.0147173068623
225R-226A-228T	0.0315264797508
225R-226A-228R	0.0055329851035
225R-226A	0.0646716101695
225R-226A-228P	0.0240905716407
225R-226A-228Q	0.0450099800399
225F-226G-228D	0.0392857142857
225R-226A-228_	0.039905362776
225F-226G-228G	1.70321660182
225F-226G-228A	6.20277777778
225F-226G-228C	0.0574500768049
225P-226K-228R	0.00602739726027
225C-226E-228L	0.00921273031826
225C-226E-228V	0.00365448504983
225C-226E	0.0200280112045
225C-226E-228R	0.0120465434634
225L-228D	0.0868421052632
225P-226H-228R	0.0
225A-226S	1.05504087193
225A-226S-228R	0.036432458008
225A-226S-228Q	0.204589371981
225A-226S-228P	0.194818252127
225A-226S-228W	0.0163522012579
225A-226S-228V	0.0341639581076
225A-226S-228T	0.749240780911
225A-226S-228Y	0.0334935897436
225A-226S-228_	0.0162131519274
225A-226S-228C	0.0430167597765
225A-226S-228A	2.23781925344
225A-226S-228G	1.61436572813
225A-226S-228E	0.0178687459389
225A-226S-228D	0.0696666666667
225A-226S-228K	0.0352
225A-226S-228M	0.0271126760563
225A-226S-228L	0.0210155857215
225T-226F-228G	0.418584070796
225K-226W-228A	1.20673515982
225K-226W-228G	0.671027568922
225K-226W	1.05628205128
225K-226W-228R	0.00154385964912
225K-226W-228W	0.00189003436426
225K-226W-228V	0.0195928753181
225N-226C-228G	0.730044843049
225Y-228V	0.00553459119497
225Y-228R	0.0303609341826
225Y	0.454481792717
225_-226E-228A	0.0604810996564
225_-226E-228G	0.0151515151515
225Y-228G	3.82854209446
225L-226I-228G	2.56836027714
225Y-228A	0.18185483871
225_-226E-228R	0.0452889944576
225_-226E-228V	0.037987987988
225W-226N-228G	3.23182579564
225W-226N-228R	0.0547892720307
226K-228P	0.274476190476
226K-228R	0.00308411214953
226K-228T	0.030752688172
226K-228V	0.0176706827309
226K-228A	0.0154793315743
226K-228D	0.242071197411
226K-228G	0.0247778466625
225N-226V-228V	0.663176895307
225A-226N-228G	1.96485507246
225P-226_-228A	0.0792372881356
225N-226V-228R	0.0137622877569
225N-226V-228G	1.45904221802
225P-226P-228A	4.86637426901
225P-226P-228G	1.25918163673
225P-226P-228E	0.0487588652482
225P-226_-228R	0.0192449355433
225P-226P-228L	0.00359477124183
225P-226P	0.779166666667
225P-226P-228R	0.0209763539283
225P-226P-228W	0.019298245614
225P-226P-228V	0.0663253697383
225N-226V-228A	3.77544444444
225V-226Y-228R	0.00108481262327
226S-228P	1.16662112933
226S-228R	0.0125079851795
225V-226Y-228V	0.00833333333333
226S-228W	0.0224489795918
226S-228Y	1.13666666667
226S-228_	0.0281395348837
226S-228A	1.55358604734
226S-228C	0.0178861788618
226W-228F	0.155505952381
226S-228E	0.0429248723559
225V-226Y-228G	0.177351247601
226S-228F	0.0303609341826
226S-228I	0.0126436781609
226S-228K	0.217514124294
225V-226Y-228L	0.0
226S-228N	0.307738095238
226W-228C	0.00632183908046
226W-228L	0.0425835370823
225H-226K-228G	0.0112244897959
226W-228T	0.521241830065
225S-226Q	0.752180685358
225S-226Q-228R	0.120027624309
225S-226Q-228P	1.06148459384
225S-226Q-228W	0.0228215767635
225S-226Q-228V	0.0427259887006
225S-226Q-228L	0.0749475890985
225S-226Q-228A	0.877179487179
225S-226Q-228G	0.214652014652
225R-226H	0.0728422619048
225S-226Q-228E	0.0760162601626
225Q-226_-228G	0.0479302832244
225Q-226_-228A	0.0276729559748
225E-226E-228W	0.0365145228216
225T-226M-228G	2.0602310231
225E-226E	0.0123595505618
225E-226E-228R	0.04035639413
225E-226E-228L	0.00823970037453
225R-226H-228W	0.0131421744325
225E-226E-228G	0.01500332668
225E-226E-228A	0.0883633633634
225L-228_	0.0188034188034
225K-226A-228R	0.000748299319728
225L	1.16223862239
225L-228R	0.0475409836066
225L-228Q	0.218091697646
225L-228P	0.973620559335
225L-228W	0.00895989974937
225L-228V	0.0175531914894
225L-228T	0.131623931624
225L-228K	0.055
225L-228I	0.00767888307155
225L-228H	0.0381944444444
225L-228M	0.00923261390887
225L-228L	0.0354287931704
225L-228C	0.0370466321244
225L-228A	0.236845802599
225L-228G	4.33714759536
225L-228F	0.0
225L-228E	0.0419250645995
225R-226H-228L	0.0342105263158
225R-226H-228C	0.00597826086957
225R-226H-228E	0.104210526316
225I-226D-228G	0.106398809524
225C-226G-228H	0.0135802469136
225P-226M-228V	0.016029143898
225C-226G-228M	0.00697084917617
225C-226G-228L	0.0302197802198
225P-226M-228R	0.0171111111111
225C-226G-228A	0.213800578035
225C-226G-228C	0.0147598870056
225C-226G-228E	0.00642335766423
225C-226G-228D	0.0159036144578
225C-226G-228G	0.0642882753675
225C-226G-228F	0.00669710806697
225P-226M-228G	1.81236028928
225P-226M-228A	1.02380952381
225C-226G-228_	0.0625711035267
225C-226G-228Q	0.0387238723872
225C-226G-228R	0.0112944627796
225C-226G-228T	0.0408333333333
225C-226G-228W	0.0385401459854
225C-226G-228V	0.0177737881508
225F-226E-228G	0.0477377654663
225F-226E-228R	0.0654147104851
225M-226S-228W	0.00657698056801
225M-226S-228V	0.0372112211221
225M-226S	0.738991769547
225M-226S-228R	0.0776717557252
225M-226S-228P	0.445945945946
225M-226S-228L	0.00124293785311
225M-226S-228G	0.504374057315
225M-226S-228E	0.0225908372828
225M-226S-228A	1.38711554447
225K-226R-228_	0.00675883256528
225A-226Q-228T	0.721226415094
225A-226Q-228W	0.0347222222222
225A-226Q-228V	0.0495495495495
225A-226Q-228P	0.597788309637
225A-226Q	1.01291666667
225A-226Q-228R	0.143733333333
225A-226Q-228E	0.0149659863946
225A-226Q-228G	0.228461538462
225A-226Q-228A	0.817163684559
225A-226Q-228L	0.00599128540305
225D-226W-228R	0.0686274509804
225D-226W	3.66666666667
225D-226W-228V	0.0618300653595
225R-226T-228D	0.0291324200913
225D-226W-228A	3.79114391144
225D-226W-228G	0.0969348659004
225K-226R-228M	0.00396396396396
225A-226G-228L	0.0106425702811
225K-226Y-228G	1.28042328042
225A-226R-228Q	0.00278622087133
225Q-226E-228A	0.24891598916
225_-226G-228L	0.028252372976
225_-226G-228K	0.00349206349206
225_-226G-228E	0.0163624070318
225_-226G-228D	0.0167755991285
225_-226G-228G	0.0557306147668
225_-226G-228A	0.0578551912568
225_-226G-228C	0.144736842105
225_-226G-228_	0.0443223443223
225_-226G-228T	0.0244444444444
225_-226G-228W	0.0413748378729
225_-226G-228V	0.00961611554542
225_-226G-228Q	0.0385964912281
225_-226G-228P	0.0180199430199
225_-226G	0.0463601532567
225_-226G-228R	0.0884776708611
225R-226C-228_	0.00155367231638
225W-226H-228G	0.130162412993
225W-226H-228A	0.20412371134
225R-226C-228T	0.0189655172414
225W-226H-228V	0.019298245614
225W-226H-228R	0.0341379310345
225R-226C-228R	0.00273446327684
225R-226C-228L	0.00545454545455
225T-228P	0.871026722925
225R-226C-228K	0.00179738562092
225V-226Q-228R	0.032497212932
225R-226C-228A	0.0749418411432
225R-226C-228C	0.0642184557439
225P-226R-228E	0.043961352657
225P-226R-228D	0.0420138888889
225P-226R-228G	0.25823875578
225P-226R-228F	0.0642089093702
225P-226R-228A	0.073383424408
225P-226R-228C	0.0100833333333
225P-226R-228M	0.00397470641373
225P-226R-228L	0.0122593718338
225P-226R-228H	0.0
225P-226R-228K	0.0
225P-226R-228T	0.0793873312565
225P-226R-228W	0.0264447526583
225P-226R-228V	0.0185185185185
225P-226R-228Q	0.0205190592052
225P-226R-228P	0.0209685729006
225P-226R	0.0956008583691
225P-226R-228R	0.00246439430309
225P-226R-228_	0.0340096618357
225P-226R-228Y	0.032554517134
225M-226A-228V	0.0215158924205
225V-226_-228V	0.115789473684
225V-226_-228W	0.00940170940171
225V-226_-228R	0.0145607701564
225V-226_	0.0406040268456
226S-228T	0.0325096899225
225V-226_-228G	0.0525935949481
225V-226_-228A	0.117114427861
225V-226_-228L	0.0423586040915
225N-228V	0.155660377358
225H-226M-228G	1.64729064039
225D-228A	2.86766169154
225D-228G	10.9623287671
225D-228L	0.0508403361345
225D	7.89520383693
225D-228R	0.176511627907
225D-228W	0.0155202821869
225D-228V	0.531666666667
225S-226S-228_	0.0354838709677
225S-226S-228Y	0.00385964912281
225S-226S-228T	0.237925925926
225S-226S-228W	0.00642250530786
225S-226S-228V	0.0457425742574
225S-226S-228Q	0.190216154721
225S-226S-228P	0.259002770083
225S-226S	0.847594721158
225S-226S-228R	0.0485973050585
225S-226S-228M	0.0382239382239
225S-226S-228L	0.0188687992582
225S-226S-228I	0.00179738562092
225S-226S-228K	0.0721784776903
225S-226S-228E	0.0367957746479
225S-226S-228D	0.0364695340502
225S-226S-228G	0.560775258886
225S-226S-228F	0.0193832599119
225S-226S-228A	2.25354609929
225S-226S-228C	0.0030303030303
225E-226C-228G	0.279283489097
225R-226M-228W	0.00287958115183
225R-226M-228T	0.0314928425358
225E-226C-228V	0.00790229885057
225E-226C-228R	0.0529113924051
225R-226M-228E	0.0541666666667
225L-226N-228A	2.68018979834
225R-226M-228M	0.0131623931624
225F-226R-228G	0.021568627451
225C-226Y-228G	0.0413675213675
225F-226K-228G	0.00555555555556
225T-228D	0.016029143898
225F-226K-228R	0.00196078431373
225V-228A	2.67463942308
225V-228C	0.00229166666667
225V-228E	0.0239651416122
225V-228D	0.0238095238095
225A-226W-228_	0.00594594594595
225A-226W-228T	1.18384146341
225A-226W-228Q	0.2816
225M-226Q-228R	0.219714656291
225A-226W-228K	0.0757246376812
225A-226W-228E	0.0242424242424
225A-226W-228D	0.0270025839793
225A-226W-228C	0.00367892976589
225A-226W-228A	2.92046783626
225D-226Q-228R	0.902867383513
225D-226Q-228G	0.881839904421
226S-228D	0.0595667870036
225V-228T	0.416716122651
225V-228W	0.00947647448641
226S-228H	0.0525735294118
225_-226A-228W	0.00385964912281
225_-226A-228V	0.0058981233244
225_-226A-228T	0.0241758241758
225_-226A	0.0534080298786
225_-226A-228R	0.00905349794239
225_-226A-228G	0.0412079510703
225_-226A-228E	0.0676229508197
225_-226A-228A	0.0328849028401
225_-226A-228L	0.0381598793363
225T-226G-228R	0.0497962154294
226Y-228E	0.254679802956
225T-226G-228Q	0.28
225T-226G-228V	0.0533685268979
225T-226G-228T	1.39108187135
225T-226G-228Y	0.386037735849
225R-226V-228C	0.0153909465021
225R-226V-228A	0.197484547937
225R-226V-228G	0.145614724569
225R-226V-228F	0.00970588235294
225R-226V-228E	0.022554188635
225R-226V-228D	0.0175872093023
225R-226V-228K	0.0101049868766
225W-226M-228G	1.98156028369
225R-226V-228I	0.0
225R-226V-228H	0.0502283105023
225R-226V-228N	0.0890476190476
225R-226V-228M	0.00916666666667
225R-226V-228L	0.0229015998247
225R-226V	0.10915534554
225R-226V-228R	0.015246015246
225R-226V-228Q	0.0744791666667
225R-226V-228P	0.168565815324
225R-226V-228W	0.0140680272109
225R-226V-228V	0.0257485940112
225R-226V-228T	0.0320540156361
225T-226G-228F	0.24891598916
225R-226V-228Y	0.00279187817259
225R-226V-228_	0.0263742690058
226Y-228R	0.0398131932283
226Y-228P	0.80058224163
225T-226G-228L	0.0221503056455
225P-226T-228L	0.00390070921986
225P-226T-228G	3.22626811594
225P-226T-228A	6.39454022989
225P-226T-228W	0.0577898550725
225P-226T-228V	0.0214043993232
225P-226T	0.869640644362
225P-226T-228R	0.0535897435897
225L-226C	0.121711899791
225R-226D-228C	0.00232067510549
226_-228T	0.013880126183
226_-228W	0.0553656220323
226_-228V	0.117797888386
226_-228P	0.0113402061856
226_	0.0228373702422
226_-228R	0.0151873767258
226_-228L	0.0201550387597
226_-228E	0.0180017226529
226_-228D	0.0441964285714
226_-228G	0.0336884154461
226_-228A	0.0459639126306
226_-228C	0.00618846694796
225T-226E-228L	0.0177679882526
225T-226E-228A	0.0595639943741
225T-226E-228E	0.0195555555556
225T-226E-228G	0.0395259938838
225T-226E-228R	0.056498951782
225T-226E	0.021103117506
225T-226E-228V	0.031884057971
225T-226E-228W	0.00936170212766
225Q-226C-228R	0.0383275261324
225Q-226C-228V	0.0173104434907
225Q-226C-228A	0.855072463768
225Q-226C-228G	0.406666666667
225R-226K-228T	0.03
225E-226A-228K	0.186372007366
225R-226K-228W	0.000877192982456
225R-226K-228P	0.0
225R-226K-228Q	0.00149659863946
225R-226K-228R	0.000945017182131
225R-226K	0.00228097459824
225E-226A-228A	7.99400260756
225E-226A-228C	0.024213836478
225R-226K-228_	0.0458333333333
225E-226A-228E	0.0261904761905
225E-226A-228D	0.0529411764706
225E-226A-228G	0.284358343583
225R-226K-228E	0.0931216931217
225R-226K-228G	0.00515170026471
225R-226K-228A	0.00378006872852
225E-226A-228_	0.0353637901861
225R-226K-228C	0.00998702983139
225R-226K-228L	0.00874617737003
225E-226A-228P	0.102402402402
225E-226A-228R	0.113272311213
225E-226A-228T	3.27056856187
225E-226A-228W	0.0168099331423
225E-226A-228V	0.042996742671
225N-226W-228V	0.0832605531295
225R-226M	0.142518248175
226V-228V	0.309835438194
225A-228T	0.0931086142322
225L-226H-228A	0.143994601889
225L-226H-228L	0.0113989637306
225A-226M	0.867734282325
WT	1.0
225A-226M-228V	0.131031031031
225M-226_-228A	0.0803921568627
225M-226_-228G	0.0960843373494
225M-226_-228R	0.00733333333333
225D-226S-228V	0.0578947368421
225D-226S-228W	0.00840978593272
225D-226S-228R	0.269477911647
225D-226S	1.46238651102
225D-226S-228L	0.00292164674635
225D-226S-228G	0.311111111111
225D-226S-228A	3.83229166667
225R-226I-228R	0.00628571428571
225R-226I-228L	0.00130952380952
225R-226I-228E	0.155609756098
225_-226C-228R	0.0082264957265
225_-226C-228V	0.0453968253968
225_-226C-228A	0.00783475783476
225_-226C-228G	0.0383333333333
225R-226M-228C	0.00576519916143
225V-226F-228G	0.129012345679
225V-226F-228R	0.0
225W-226T-228R	0.0825770308123
225W-226T	0.0900900900901
225W-226T-228T	0.195792880259
225W-226T-228V	0.0412912912913
225W-226T-228W	0.0
225M-226A-228A	1.38064943671
225W-226T-228A	0.908629088379
225W-226T-228E	0.0546783625731
225W-226T-228G	0.471111111111
225W-226T-228L	0.0153846153846
225R-226T-228E	0.0535234899329
225M-226A-228E	0.036320754717
225R-226T-228G	0.113886475529
225R-226T-228F	0.0133680555556
225R-226T-228A	0.282918050941
225R-226T-228C	0.0134651600753
225R-226T-228M	0.0117021276596
225R-226T-228L	0.0286694101509
225R-226T-228I	0.00171339563863
225R-226T-228H	0.0181518151815
225R-226T-228K	0.00301783264746
225R-226T-228T	0.0993839835729
225R-226T-228W	0.018743343983
225R-226T-228V	0.0183157220621
225R-226T-228Q	0.0259842519685
225R-226T-228P	0.100082712986
225R-226T	0.0666666666667
225R-226T-228R	0.00276035131744
225R-226T-228_	0.0191432396252
225R-226T-228Y	0.0113402061856
225I-226S	1.76598639456
225I-226S-228R	0.0226666666667
225I-226S-228V	0.0151061173533
225I-226S-228L	0.00201465201465
225I-226S-228A	1.16636500754
225I-226S-228G	1.71215351812
225P-226V-228Q	0.0403141361257
225P-226V-228P	0.0946623093682
225P-226V	2.76468032278
225P-226V-228R	0.0266666666667
225P-226V-228T	0.233010752688
225P-226V-228W	0.0120675105485
225P-226V-228V	0.0311546840959
225P-226V-228_	0.0757246376812
225P-226V-228A	2.05579418345
225P-226V-228C	0.0166666666667
225P-226V-228E	0.00957354221062
225P-226V-228D	0.0266381766382
225P-226V-228G	1.91280553753
225P-226V-228L	0.0215264187867
225F-226R-228C	0.0219202898551
225F-226R-228A	0.00412912912913
225W-226S-228W	0.0118279569892
225F-226R-228E	0.0665322580645
225F-226R-228L	0.0133680555556
225F-226R	0.0418803418803
225F-226R-228R	0.0290528233151
225F-226R-228P	0.334449093445
225F-226R-228W	0.0224776500639
225F-226R-228V	0.0253968253968
225F-226R-228T	0.019730941704
225S-226W-228K	0.0395114942529
225S-226W-228M	0.0329805996473
225S-226W-228L	0.00901071203529
225S-226W-228A	4.99583333333
225S-226W-228C	0.0120218579235
225S-226W-228E	0.0539463601533
225S-226W-228D	0.0251908396947
225S-226W-228G	0.338799236509
225S-226W-228_	0.00154711673699
225S-226W-228Q	0.464444444444
225S-226W-228P	1.6115
225S-226W	5.34034833091
225S-226W-228R	0.059750927398
225S-226W-228T	1.02835249042
225S-226W-228W	0.0188436830835
225S-226W-228V	0.0508384458078
226Y-228G	0.207981220657
225T-226G	4.64018583043
225T-226G-228P	0.220095486111
225T-226G-228W	0.0132530120482
226Y-228A	0.289322916667
226Y-228L	0.00571131879543
225T-226G-228_	0.0263788968825
226W-228E	0.0858858858859
226Y-228W	0.227971014493
225T-226G-228C	0.0257921419518
226Y	0.236271529889
225T-226G-228G	0.212543048758
225T-226G-228D	0.0556962025316
225T-226G-228E	0.0595622119816
225T-226G-228K	0.0860444444444
225T-226G-228H	0.110691823899
225T-226G-228I	0.0228148148148
225T-226G-228M	0.02351797862
225Q-226A-228T	0.138364779874
225Q-226A-228W	0.00143229166667
225Q-226A-228V	0.0564102564103
225Q-226A-228P	0.117405582923
225Q-226A	1.75367063492
225Q-226A-228R	0.0579533941236
225Q-226A-228E	0.0116607773852
225Q-226A-228G	0.258865248227
225Q-226A-228A	1.6767610748
225Q-226A-228L	0.0123134328358
225E-226_-228V	0.0212121212121
225R-226I-228V	0.0173684210526
225R-226I-228W	0.0
225R-226I	0.226984126984
225E-226_-228A	0.0173104434907
225E-226_-228G	0.0534379671151
225R-226I-228G	0.086500655308
225R-226I-228A	0.124509803922
225H-226A-228L	0.0078431372549
225H-226A-228A	1.17060810811
225H-226A-228G	0.234152046784
225H-226A-228R	0.0128978224456
225H-226A	0.533851468048
225H-226A-228V	0.119088319088
225L-226A-228L	0.00643274853801
225T-226P-228V	0.0704106280193
225P-228V	0.0329509241555
225S-226C-228P	0.0223787167449
225K-226_-228R	0.0208333333333
225K-226_-228G	0.0774973711882
225L-226A-228W	0.00847084708471
225V-226D	0.0405852417303
225V-226D-228R	0.0566176470588
225V-226D-228W	0.0111594202899
225V-226D-228V	0.00321637426901
225V-226D-228A	0.124060150376
226V-228I	0.0360119047619
225V-226D-228E	0.0113989637306
225V-226D-228G	0.276447368421
225V-226D-228L	0.0310256410256
225W-226V-228Y	0.00189003436426
225W-226V-228_	0.109845288326
225W-226V-228R	0.0149279050042
225W-226V	0.836932938856
225W-226V-228P	0.154715447154
225W-226V-228Q	0.184765625
225W-226V-228V	0.0138201806046
225W-226V-228W	0.00441767068273
225W-226V-228T	0.0482456140351
225W-226V-228K	0.0151202749141
225W-226V-228L	0.00179153094463
225W-226V-228M	0.0602254428341
225W-226V-228C	0.00555555555556
225W-226V-228A	1.07830374753
225W-226V-228F	0.00601092896175
225W-226V-228G	0.47612745098
225W-226V-228D	0.0251298026999
225W-226V-228E	0.0361842105263
225M-226C-228A	0.264912280702
226W-228Y	0.524056603774
226V-228R	0.0169230769231
225R-226R-228N	0.00212765957447
225R-226R-228M	0.00540706605223
225R-226R-228L	0.00648305565001
225R-226R-228K	0.00873786407767
225R-226R-228I	0.0046875
225R-226R-228H	0.0027989821883
225R-226R-228G	0.00492014889529
225R-226R-228F	0.0126436781609
225R-226R-228E	0.0212581634013
225R-226R-228D	0.059165460685
225R-226R-228C	0.00938903863432
225R-226R-228A	0.00825128926395
226V-228W	0.0135275080906
225R-226R-228_	0.0222515391381
225R-226R-228Y	0.00483162518302
225R-226R-228W	0.00371380340216
225R-226R-228V	0.00267184843333
225R-226R-228T	0.0112330437433
225R-226R	0.00791982876046
225R-226R-228R	0.00285513175839
225R-226R-228Q	0.000559796437659
225R-226R-228P	0.00471963308182
225N-226K-228G	0.0
225I-226Q-228G	4.01627906977
225F-226P-228G	4.46651917404
225S-226I	1.05571658615
225S-226I-228R	0.00471596998928
225S-226I-228V	0.195776772247
225S-226I-228A	0.940579710145
225S-226I-228G	1.23533619456
225T-226A-228T	0.117537746806
225T-226A-228V	0.0195639701664
225T-226A-228W	0.00115667718191
225T-226A-228P	0.0790849673203
225T-226A-228R	0.0313427010148
225T-226A	0.516401062417
225T-226A-228_	0.0572916666667
225T-226A-228D	0.0549019607843
225T-226A-228E	0.0483033932136
225T-226A-228G	0.270356970574
225T-226A-228A	1.38650681711
225T-226A-228C	0.00301783264746
225T-226A-228L	0.0077519379845
225T-226A-228K	0.0252204585538
225Q-226G-228_	0.0657698056801
226C-228A	1.16853975535
225Q-226G-228W	0.0323183760684
225Q-226G-228V	0.0252743484225
225Q-226G-228T	2.45730994152
225Q-226G	3.69952380952
225Q-226G-228R	0.0600718065004
225Q-226G-228Q	0.374613003096
225Q-226G-228P	0.120567375887
225Q-226G-228M	0.0421276595745
225Q-226G-228L	0.0406264609631
225Q-226G-228K	0.021718931475
225Q-226G-228H	0.0511627906977
225Q-226G-228G	0.593606138107
226C-228E	0.0309462915601
225Q-226G-228E	0.0197068403909
225Q-226G-228D	0.0641666666667
225Q-226G-228C	0.0172955974843
225Q-226G-228A	5.22149362477
226C-228D	0.0867684478372
226C-228K	0.0114583333333
226C-228L	0.00211538461538
225H-226C-228G	0.140787623066
226C-228R	0.00555555555556
226C-228T	0.451910828025
225A-226F-228R	0.00718954248366
225L-226T	0.533333333333
225L-226T-228R	0.0455306032585
225L-226T-228P	0.255248618785
225E-226C	0.0990591397849
225L-226T-228V	0.017615658363
225L-226T-228T	0.305809128631
225L-226T-228C	0.0375609756098
225L-226T-228G	0.880136561142
225L-226T-228E	0.0228327228327
225F-226M-228G	2.71435185185
225C-226_-228A	0.0347368421053
226E-228R	0.0595564253098
225C-226_-228G	0.056862745098
226H-228V	0.937519747235
225C-226_-228R	0.0598639455782
225C-226_-228V	0.0921568627451
226G-228K	0.499888888889
225A-226Y-228G	2.26185636856
225A-226Y-228A	6.43988355167
225A-226Y-228V	0.0923357664234
225A-226Y	4.15743589744
225A-226Y-228R	0.0609080841639
226H	0.22635009311
225L-226A-228D	0.091124260355
225L-226A-228A	1.88249359522
225T-226C-228R	0.01031543052
225L-226A-228V	0.0348368522073
225L-226A-228P	0.301224846894
225L-226A-228R	0.0288060363959
225W-226P-228T	0.222018348624
225W-226P-228V	0.0604568165596
225W-226P-228W	0.032925170068
225W-226P-228P	0.0426724137931
225W-226P-228R	0.043698630137
225W-226P	1.64281984334
225W-226P-228L	0.00234291799787
225W-226P-228E	0.0201125175809
225W-226P-228G	4.6412979351
225W-226P-228A	2.34428399519
225R-226A-228W	0.0040293040293
225R-226P-228Q	0.0441605839416
225R-226P-228P	0.0372210223182
225R-226P	0.379900920028
225R-226P-228R	0.00587389607722
225R-226P-228T	0.116605392157
225R-226P-228W	0.0171961674231
225R-226P-228V	0.0163929440389
225R-226P-228Y	0.0144499178982
225R-226P-228_	0.172108843537
225R-226P-228A	0.598769153479
225R-226P-228C	0.00940170940171
225R-226P-228E	0.0276828110161
225R-226P-228D	0.0405405405405
225R-226P-228G	0.591860465116
225R-226P-228H	0.0287958115183
225R-226P-228K	0.0
225R-226P-228M	0.00814814814815
225R-226P-228L	0.00268817204301
225I-226W-228G	0.124930747922
225I-226W-228R	0.0180555555556
225F-226V-228L	0.0
225F-226V-228G	2.61983333333
225F-226V-228A	4.25927230047
225F-226V-228V	0.00378006872852
225F-226V	0.948783454988
225F-226V-228R	0.0728252501925
226H-228L	0.00746124031008
225S-226K-228T	0.0582554517134
225S-226K-228W	0.00162962962963
225S-226K-228V	0.056477093207
225S-226K-228P	0.232110091743
225S-226K	0.129674796748
225S-226K-228R	0.00173775671406
225S-226K-228E	0.149499284692
225S-226K-228G	0.0166851646319
225S-226K-228A	0.00464135021097
225M-226E	0.00864779874214
225S-226K-228L	0.00111788617886
226E	0.0170708050436
226E-228P	0.0575757575758
226E-228W	0.0349454717876
226E-228V	0.0641744548287
225T-226C-228V	0.0
225T-226C	0.182503770739
226E-228A	0.0381789497408
226E-228G	0.0440568475452
225T-226C-228G	0.199793601651
226E-228M	0.0071661237785
225D-226D-228R	0.134803921569
225D-226D-228G	0.278210116732
225T-226C-228A	0.77315855181
225Q-226E-228G	0.0369791666667
225K-226D-228G	0.1087276551
225Q-226E-228L	0.0448979591837
225Q-226E	0.0547511312217
225Q-226E-228R	0.0359477124183
225Q-226E-228V	0.0411324786325
225H-226E-228R	0.060374832664
225N-226D-228G	0.139768976898
225H-226E-228G	0.0500464252553
225L-226V-228T	0.0994894237783
225L-226V-228W	0.0224242424242
225L-226V-228V	0.0310373443983
225L-226V-228Q	0.0345911949686
225L-226V-228P	0.304605641911
225L-226V	0.831767337808
225L-226V-228R	0.0335877862595
225L-226V-228_	0.0272445820433
225L-226V-228Y	0.00470085470085
225L-226V-228E	0.0308705612829
225L-226V-228D	0.0292553191489
225L-226V-228G	1.26875
225L-226V-228F	0.00120218579235
225L-226V-228A	2.43430420712
225L-226V-228C	0.0116544417278
225L-226V-228M	0.00775427995972
225L-226V-228L	0.0107279693487
225L-226V-228I	0.0114583333333
225L-226V-228H	0.013037037037
225L-226V-228K	0.0233215547703
225M-226Y-228G	4.34058641975
225C-226Q-228A	0.0754032258065
225C-226Q-228G	0.0116525423729
225C-226Q-228R	0.0132776230269
225C-226Q-228V	0.00156028368794
225A-226_-228W	0.00986547085202
225A-226_-228V	0.0330827067669
225A-226_	0.0181818181818
225A-226_-228R	0.0152289669862
225A-226_-228P	0.00945017182131
225A-226_-228G	0.0404597701149
225A-226_-228E	0.0113256113256
225A-226_-228A	0.0510309278351
225A-226_-228L	0.0408921933086
225F	0.651640759931
225L-226K-228A	0.0234597156398
225V-226H	0.814814814815
225V-226H-228R	0.12928064843
225V-226H-228G	0.433266799734
225V-226H-228A	2.5822997416
225F-228G	5.07613333333
225C-226K-228G	0.00615507593925
225P-226A-228T	0.132901833873
225_-226D-228G	0.0999063670412
225W-226R-228F	0.0297297297297
225W-226R-228G	0.0522448015123
225W-226R-228D	0.0302870533099
225W-226R-228E	0.121192982456
225W-226R-228C	0.0413145539906
225W-226R-228A	0.0134945671223
225W-226R-228N	0.121761006289
225W-226R-228L	0.0131287297528
225W-226R-228M	0.0382686084142
225W-226R-228K	0.00368139223561
225W-226R-228H	0.0461368653422
225W-226R-228I	0.0382239382239
225W-226R-228V	0.00896081021576
225W-226R-228W	0.0119272472893
225W-226R-228T	0.0434269434269
225W-226R-228R	0.00507672781816
225W-226R	0.0714035087719
225W-226R-228P	0.0218572587186
225W-226R-228Q	0.0133974358974
225W-226R-228_	0.0335161486898
225W-226R-228Y	0.0516431924883
225A-228H	0.0127694859038
225C-226K-228V	0.00374149659864
225A-228G	3.33282804358
225A-228D	0.0751004016064
225P-226A-228E	0.00636889991729
225C-226K-228R	0.00780141843972
225A-228C	0.0126801152738
225A-228_	0.004296875
226N-228A	1.63619047619
225A-228V	0.097070819429
225F-226T-228G	0.229333333333
226N-228G	0.368520859671
225A-228R	0.0709023941068
225N-226T-228G	0.739737991266
225A-228Q	0.593404004711
225S-226M-228W	0.00643274853801
225S-226M-228V	0.0851363236588
225S-226M	0.738725490196
225S-226M-228R	0.0228327228327
225S-226M-228L	0.0115384615385
225S-226M-228G	2.02094017094
225S-226M-228E	0.0300287356322
225S-226M-228A	0.350312989045
226G-228P	1.24318623369
226G-228R	0.187954815696
226G-228_	0.0188748241913
225M-226D-228G	0.152777777778
226G-228E	0.0525601550918
226G-228D	0.0296915167095
226G-228G	0.219765661407
226G-228A	2.54297786501
226G-228C	0.01899347231
226G-228M	0.0629758791049
226G-228H	1.29708333333
225Q-226K-228G	0.0196868008949
225Q-226K-228R	0.0
225H-226G-228V	0.0316599732262
225H-226G-228W	0.0978464419476
225H-226G-228T	3.07469879518
225H-226G-228R	0.0571375186846
225H-226G-228P	0.152777777778
225H-226G-228L	0.0258606213266
226E-228T	0.0617612293144
225H-226G-228D	0.0795597484277
225H-226G-228E	0.0170807453416
225H-226G-228C	0.0707920792079
225H-226G-228A	2.83768115942
225_-226T-228R	0.00767085076709
225_-226T	0.0275985663082
225_-226T-228V	0.164432989691
225_-226T-228A	0.0818770226537
225_-226T-228G	0.0570578231293
225L-226P-228E	0.0472316384181
225L-226P-228D	0.0799645390071
225L-226P-228C	0.0172955974843
225L-226P-228A	3.54789590255
225K-226R-228Q	0.00452674897119
225C-226S-228L	0.00298913043478
225C-226S-228E	0.0126874279123
225C-226S-228G	0.0452841781874
225C-226S-228A	0.192276422764
225C-226S-228C	0.00344287949922
225C-226S-228T	0.132850241546
225C-226S-228W	0.0
225C-226S-228V	0.0101249178172
225C-226S-228P	0.0123993558776
225C-226S	0.0249563699825
225C-226S-228R	0.00505430242272
225V-226N-228G	2.4134899913
225V-226N-228A	6.49890965732
225V-226N-228L	0.0698412698413
225V-226N-228V	0.0642969984202
225V-226N	0.0137992831541
225V-226N-228R	0.0167209554832
225R-226G-228R	0.00954943320419
228D	0.0271604938272
225C-228R	0.0036303630363
225R-226A-228N	0.315595238095
225R-226A-228L	0.00940860215054
225F-226G-228W	0.0617283950617
225R-226A-228K	0.0106199186992
225F-226G-228R	0.0296205630355
225R-226A-228I	0.0132040627886
225I-226K-228G	0.709137055838
225P-228T	0.427777777778
225F-226G-228E	0.0525597269625
225T-226G-228A	6.16008878128
225R-226A-228Y	0.0177897574124
225V	9.10055648303
226A-228_	0.0292385057471
226A-228Y	0.300099206349
226A-228W	0.0216494845361
226A-228V	1.10470568104
226A-228T	0.0281466113416
226A	0.751901709402
226A-228R	0.0769988099102
226A-228Q	0.311800486618
226A-228P	0.398609406953
226A-228N	0.569896640827
226A-228M	0.0352256186317
226A-228L	0.0169997335465
226A-228K	0.155310006139
226A-228I	0.0334381551363
226A-228H	0.0238904627007
226A-228G	0.331682086867
226A-228F	0.00964912280702
226A-228E	0.0522346368715
226A-228D	0.0573913043478
226A-228C	0.0192700729927
226A-228A	1.75365025467
225K-226M-228G	0.307692307692
225E-226T-228G	0.249411071849
225_-226V-228A	0.060349127182
225_-226V-228G	0.0408769973987
225_-226V-228E	0.0284627092846
225_-226V-228L	0.0711843711844
225_-226V-228R	0.0421383647799
225_-226V	0.0159420289855
225_-226V-228P	0.0261904761905
225_-226V-228V	0.00492170022371
225_-226V-228T	0.0440801457195
225E-226W-228L	0.00847084708471
225E-226W-228A	3.41886051081
225E-226W-228G	0.0784511784512
225E-226W-228E	0.090987654321
225E-226W-228D	0.0222836095764
225E-226W	0.787558685446
225E-226W-228R	0.0654418197725
225E-226W-228W	0.00333333333333
225E-226W-228V	0.07649281935
225E-226W-228T	2.40541012216
225L-226R-228A	0.0107171378374
225L-226R-228C	0.0385964912281
225L-226R-228E	0.137667887668
225L-226R-228D	0.0828525641026
225L-226R-228G	0.0177604166667
225L-226R-228F	0.0162393162393
225L-226R-228I	0.00420248328558
225L-226R-228H	0.00645161290323
225L-226R-228K	0.0146960587842
225L-226R-228M	0.00273631840796
225L-226R-228L	0.0199952785647
225L-226R-228N	0.0385214007782
225L-226R-228Q	0.000613154960981
225L-226R-228P	0.151322751323
225L-226R	0.0176238035789
225L-226R-228R	0.00850967007964
225L-226R-228T	0.0475017844397
225L-226R-228W	0.018043350908
225L-226R-228V	0.0371453437772
225L-226R-228Y	0.0494708994709
225V-226R-228Y	0.0260869565217
225L-226R-228_	0.0566445182724
225V-226R-228_	0.0313813813814
225V-226R-228C	0.0290918163673
225V-226R-228G	0.643827629911
225V-226R-228F	0.0316722037652
225V-226R-228E	0.0239290495315
225C-226D-228V	0.00187074829932
225V-226R-228K	0.0671817512877
225T-226V-228G	1.05596738325
225V-226R-228H	0.00211335254563
225T-226V-228C	0.0044
225C-226E-228G	0.0274750227066
225P-226K-228V	0.0882075471698
225C-226E-228A	0.0181729834791
225P-226K-228A	0.145402298851
225P-226K-228G	0.39588313413
225V-228V	0.0131736526946
225V-228L	0.0132240437158
225T-226T	0.0785714285714
225T-226T-228R	0.0445569620253
225T-226T-228V	0.027808988764
225V-228G	0.742835680751
225T-226T-228L	0.0112081513828
225V-228Q	0.271082621083
225V-228P	0.408210180624
225T-226T-228A	0.717785630153
225V-228R	0.0216247470367
225T-226T-228G	0.168595927117
225S-226A-228K	0.0506172839506
225S-226A-228I	0.00398550724638
225S-226A-228M	0.0178240740741
225S-226A-228L	0.0078125
225S-226A-228C	0.00844854070661
225S-226A-228A	1.42839309429
225S-226A-228G	0.213507540302
225S-226A-228F	0.0327659574468
225S-226A-228E	0.0313787638669
225S-226A-228D	0.0245098039216
225S-226A-228Y	0.0
225S-226A-228_	0.0691823899371
225S-226A	0.950819047619
225S-226A-228R	0.0743152769324
225S-226A-228Q	0.0692913385827
225S-226A-228P	0.140766283525
225S-226A-228W	0.0142695995488
225S-226A-228V	0.0553867791842
225S-226A-228T	0.0354166666667
225C-226H-228G	0.0108298171589
226C-228G	0.251585976628
225A-226F-228G	0.886039215686
226C-228M	0.0158653846154
225A-226F-228A	2.74421052632
226C-228Q	0.121608040201
226C-228P	0.0584249084249
226C	0.761728395062
226C-228W	0.0224842767296
226C-228V	0.0210914454277
225A-226F-228V	0.0165
226C-228_	0.0798679867987
225_-226P-228G	0.0616666666667
225_-226P-228A	0.0781420765027
225_-226P-228V	0.0172143974961
225_-226P-228R	0.14092039801
225C-226W	0.0200729927007
225C-226W-228R	0.017270531401
225C-226W-228W	0.00333333333333
225C-226W-228V	0.00112130479103
225C-226W-228L	0.00498866213152
225C-226W-228A	0.0288713910761
225C-226W-228C	0.0120879120879
225C-226W-228E	0.0250877192982
225C-226W-228G	0.0363794604003
225F-226G-228L	0.03530269876
225W-226E-228C	0.0
225W-226E-228A	0.0252688172043
225W-226E-228G	0.0674479166667
225W-226E-228E	0.0134556574924
225W-226E-228L	0.00671902268761
225W-226E	0.0311111111111
225W-226E-228R	0.106897723411
225W-226E-228P	0.0631346578366
225W-226E-228W	0.0111111111111
225W-226E-228V	0.0317585301837
225W-226E-228T	0.682666666667
225V-226R	0.302950819672
225V-226R-228R	0.0062735104963
225V-226R-228Q	0.00135301353014
225V-226R-228P	0.0438314176245
225V-226R-228V	0.00860522800992
225V-226R-228T	0.084067357513
225T-226V-228T	0.312394705174
225T-226V-228W	0.00223577235772
225T-226V-228V	0.0879743140689
225T-226V-228P	0.375396825397
225T-226V	0.948580246914
225T-226V-228R	0.0764227642276
225T-226V-228M	0.00199275362319
225T-226V-228L	0.0299319727891
225V-226R-228A	0.15211062591
225V-226R-228D	0.103435804702
225T-226V-228E	0.016081871345
225T-226V-228D	0.00960698689956
225V-226R-228I	0.0058949624866
225T-226V-228A	4.42916053019
225V-226R-228N	0.0156028368794
225V-226R-228M	0.0198431372549
225V-226R-228L	0.0113003514463
225Y-226R-228L	0.00326409495549
225Y-226R-228A	0.0354124748491
225Y-226R-228E	0.376974564926
225Y-226R-228G	0.0104044357469
225Y-226R-228P	0.0443548387097
225Y-226R-228R	0.00232804232804
225Y-226R	0.0209263854425
225Y-226R-228T	0.00860719874804
225Y-226R-228V	0.0327981651376
225Y-226R-228W	0.00269607843137
225T-226M-228R	0.0370786516854
225Q-226R-228A	0.00756793945648
225Q-226R-228C	0.00285343709468
225Q-226R-228D	0.278666666667
225Q-226R-228E	0.184794156707
225Q-226R-228G	0.00912022109627
225Q-226R-228K	0.00323054331865
225Q-226R-228L	0.0187596899225
225Q-226R-228M	0.014798206278
225Q-226R-228P	0.187113402062
225Q-226R-228Q	0.00972222222222
225Q-226R-228R	0.0268292682927
225Q-226R	0.0115568290353
225Q-226R-228T	0.0280031821798
225Q-226R-228V	0.0930894308943
225Q-226R-228W	0.00512820512821
225Q-226R-228_	0.0187596899225
225H-226P-228G	3.33220720721
225S-226C-228L	0.0162601626016
225S-226C-228E	0.0211793020457
225S-226C-228G	0.237123842593
225S-226C-228A	0.711420982736
225S-226C-228C	0.00829562594268
225S-226C-228T	0.054609929078
225S-226C-228W	0.0211538461538
225S-226C-228V	0.0165222414789
225S-226C	0.325719120135
225S-226C-228R	0.0316511730854
225Q-226M-228R	0.0347368421053
225T-226K-228R	0.0
225Q-226M-228G	3.30827956989
225A-226D-228V	0.0301481481481
225A-226D-228W	0.0443055555556
225A-226D-228R	0.149209245742
225A-226D	0.0496774193548
225A-226D-228P	0.0793269230769
226M-228C	0.0617161716172
226M-228A	0.389714285714
226M-228G	1.26455284553
225K-226G-228T	0.220964912281
226M-228E	0.0329468599034
225A-226D-228G	0.116755413561
225A-226D-228E	0.0205459770115
226M-228_	0.0433691756272
225A-226D-228A	0.117884481559
226M	0.994943820225
226M-228R	0.0101020408163
225A-226D-228L	0.00371621621622
226M-228W	0.0181968569065
225L-226T-228W	0.0047619047619
225_-226R-228L	0.0512737127371
225_-226R-228M	0.0227138643068
225_-226R-228G	0.053805476865
225_-226R-228D	0.00984340044743
225_-226R-228C	0.0427777777778
225_-226R-228A	0.054126984127
225_-226R-228_	0.0569721115538
225_-226R-228V	0.0168320926385
225_-226R-228W	0.0300546448087
225_-226R-228T	0.0109452736318
225_-226R-228R	0.0174457429048
225_-226R-228P	0.0110831234257
225_-226R-228Q	0.0803652968037
225K-228E	0.0166666666667
225K-228G	0.30152534769
225E-226S	0.945034642032
225K-228A	0.133167495854
225E-226S-228P	0.241962774958
225K-228L	0.00261904761905
225E-226S-228G	0.16225
225K-228V	0.0504474272931
225E-226S-228D	0.017277486911
225E-226S-228A	1.87292644757
225K	0.151822916667
225E-226S-228L	0.0055
225L-226T-228A	2.03081457663
225V-226E-228C	0.0512544802867
225L-226T-228L	0.00723004694836
225Y-228L	0.0174603174603
225W-226Q-228L	0.0169230769231
225W-226G-228E	0.0411919831224
225W-226G-228D	0.0390289449113
225W-226G-228G	3.17341492436
225W-226G-228F	0.125027322404
225W-226G-228A	3.51107119095
225W-226G-228C	0.0321822541966
225W-226G-228M	0.0634473507713
225W-226G-228L	0.0247443762781
225W-226G-228N	0.227482993197
225W-226G-228I	0.00539215686275
225W-226G-228H	0.195266272189
225W-226G-228K	0.0249846531614
225W-226G-228T	1.06791666667
225W-226G-228W	0.0464831804281
225W-226G-228V	0.0337983723634
225W-226G-228Q	0.564925755248
225W-226G-228P	0.304423868313
225W-226G	5.24931750742
225W-226G-228_	0.028314028314
225W-226G-228Y	0.0941441441441
225P-226D-228R	0.116824395373
226P-228I	0.0155202821869
225V-226P-228T	0.404234972678
225V-226P-228W	0.0360655737705
225V-226P-228V	0.00771929824561
225V-226P-228P	0.0261904761905
225V-226P	0.593137254902
225V-226P-228R	0.0367240479917
225V-226P-228E	0.00621468926554
225V-226P-228G	1.50586789555
225V-226P-228A	1.8115942029
225V-226P-228L	0.0208926875594
226P-228A	3.94723590586
225Y-226P-228G	7.1045112782
225K-228W	0.00337941628264
225T-226H-228G	0.121780986763
226P-228V	0.0356962822936
225Q-226P-228A	4.25333333333
225Q-226P-228G	2.31061452514
225Q-226P-228R	0.00376712328767
225Q-226P	1.71175438596
225Q-226P-228V	0.087216828479
225T-226P-228G	0.754651162791
225T-226P-228A	3.41552511416
225H-226R-228T	0.0611111111111
225T-226P-228L	0.0
225H-226R-228P	0.376758409786
225H-226R-228R	0.00717079530639
225T-226P-228W	0.00194003527337
225H-226R-228L	0.0691666666667
225H-226R-228E	0.160508701473
225H-226R-228G	0.00707602339181
225H-226R-228A	0.0214465408805
225R-226F	1.13333333333
225E-226N-228G	1.27410071942
225R-226F-228A	1.81189083821
225R-226F-228E	0.0154929577465
225S-226E-228W	0.018826405868
225S-226E-228V	0.0356095093576
225S-226E-228T	0.0222577209798
225S-226E	0.0446111111111
225S-226E-228R	0.0849593495935
225S-226E-228Q	0.0246794871795
225S-226E-228P	0.0460893854749
225S-226E-228_	0.110394265233
225S-226E-228G	0.0353916866507
225S-226E-228E	0.0202631578947
225S-226E-228D	0.0140350877193
225S-226E-228C	0.0110691823899
225S-226E-228A	0.0471032745592
225S-226E-228M	0.00194003527337
225S-226E-228L	0.0197557471264
225S-226E-228K	0.0238333333333
225I-226M-228G	1.04107142857
225C-228V	0.0167427701674
225P-226D-228A	0.116087516088
225C	0.0372710622711
226M-228L	0.0310319227914
225M-228A	0.24880952381
225M-228G	2.28970704671
225M-228L	0.003081232493
225M-228R	0.0988990825688
225M	0.868155784651
225M-228V	0.0204219409283
225M-228W	0.0100917431193
226M-228D	0.0833333333333
225N-226R-228L	0.0161616161616
225N-226R-228C	0.0040293040293
225N-226R-228A	0.0191817572099
225N-226R-228G	0.00538160469667
225N-226R-228E	0.133974358974
225N-226R	0.0252204585538
225N-226R-228R	0.00653789004458
225N-226R-228P	0.167619047619
225N-226R-228W	0.0611111111111
225N-226R-228V	0.081746031746
225N-226R-228T	0.0366666666667
226M-228Q	1.13263525305
225_-228R	0.0172060409924
226M-228P	2.25480427046
225_-228T	0.0624113475177
225_-228V	0.041961852861
225_-228W	0.0108298171589
226M-228V	0.261724137931
225_-228A	0.0135135135135
225_-228G	0.0575718575719
226M-228T	0.0602305475504
225_-228L	0.0241898148148
225E-226Q	5.76998341625
225Y-226K-228G	0.0396825396825
225C-228L	0.0134969325153
225T-226W-228E	0.0283197831978
225W-226A-228M	0.00342679127726
225W-226A-228L	0.00231335436383
225W-226A-228K	0.0707602339181
225W-226A-228G	0.360288432947
225W-226A-228E	0.0695276114438
225W-226A-228D	0.021568627451
225W-226A-228C	0.021201814059
225L-226C-228T	0.0265460030166
225W-226A-228A	0.806222670703
225W-226A-228_	0.0142118863049
225W-226A-228W	0.0175362318841
225W-226A-228V	0.0240506329114
225W-226A	0.56046852123
225W-226A-228R	0.0267884322679
225W-226A-228Q	0.129322268326
225W-226A-228P	0.0526315789474
225R-226N-228L	0.00203139427516
225R-226N	0.0983739837398
225L-226C-228L	0.00204841713222
225R-226N-228V	0.00934182590234
225R-226N-228T	0.237747336377
225_-226R-228E	0.0428571428571
225V-226V-228_	0.0329873125721
225V-226V-228W	0.0235294117647
225V-226V-228V	0.0151202749141
225C-228G	0.0781893004115
225V-226V-228T	0.171929824561
225V-226V	2.67775147929
225V-226V-228R	0.0145260915868
225V-226V-228Q	0.335877862595
225V-226V-228P	0.110953506698
225V-226V-228M	0.0
225V-226V-228L	0.0138767588549
225V-226V-228K	0.003081232493
225V-226V-228G	3.31386762719
225V-226V-228F	0.0113569321534
225V-226V-228E	0.0330827067669
225V-226V-228D	0.103476482618
225V-226V-228C	0.00906593406593
225V-226V-228A	0.974665360757
225Y-226V-228V	0.0121121121121
225Y-226V-228R	0.0452560873216
225Y-226V-228G	0.775105485232
225Y-226V-228A	1.91847690387
225Y-226V-228L	0.00786838340486
225_-226R	0.0671617161716
225E-226S-228W	0.0308641975309
225E-226S-228V	0.0337545126354
225E-226S-228T	9.37052767053
225E-226S-228R	0.213811922754
225Q-226V-228L	0.0180116959064
225Q-226V-228E	0.0371512481645
225Q-226V-228A	5.15788005579
225Q-226V-228T	0.309430894309
225Q-226V-228V	0.116830065359
225Q-226V-228W	0.0
225Q-226V-228P	0.609935897436
225Q-226V-228R	0.0421207658321
225T-226R-228I	0.0775330396476
225T-226R-228H	0.0301960784314
225T-226R-228K	0.008071278826
225T-226R-228M	0.0155266015201
225T-226R-228N	0.00364842454395
225T-226R-228A	0.00917361637604
225T-226R-228C	0.0121412803532
225T-226R-228E	0.314577530176
225T-226R-228D	0.164191802011
225T-226R-228G	0.0152026235652
225T-226R-228F	0.0211851851852
225T-226R-228Y	0.0311320754717
225T-226R-228_	0.0397849462366
225T-226R-228Q	0.0
225T-226R-228P	0.314285714286
225T-226R	0.0745504840941
225T-226R-228R	0.0139105058366
225T-226R-228T	0.135507246377
225T-226R-228W	0.032554517134
225T-226R-228V	0.0376436781609
225H-226T-228G	0.250945626478
225E-226S-228E	0.0576923076923
225H-226T-228R	0.0450980392157
225E-226S-228C	0.0036850921273
225K-228R	0.00354609929078
225R-226D-228W	0.0170146945089
225R-226D-228P	0.13630017452
225R-226D	0.0673935617861
225E-228C	0.0223350253807
225R-226D-228_	0.00506912442396
225E-228G	10.1174345848
225E-228E	0.0337719298246
225R-226D-228E	0.0389873417722
225R-226D-228D	0.0782608695652
225R-226D-228G	0.0666278392545
225R-226D-228A	0.131736526946
225R-226D-228L	0.00654761904762
225E-228P	1.28271186441
225R-226D-228K	0.0037037037037
225H-226D-228G	0.0651438240271
225L-226E-228C	0.0116402116402
225L-226E-228D	0.0227272727273
225L-226E-228E	0.065296803653
225L-226E-228G	0.0329088336365
225L-226E-228L	0.0121145374449
225L-226E-228P	0.0552208835341
225L-226E-228Q	0.0202764976959
225L-226E-228R	0.0743565891473
225N-226G-228W	0.0463991769547
225L-226E-228T	0.0244444444444
225L-226E-228V	0.0487816764133
225L-226E-228W	0.00773966578716
225N-228A	0.294298245614
225V-226S-228_	0.0
225S-226G-228Y	0.260620915033
225S-226G-228_	0.105457227139
225S-226G-228Q	0.463207955037
225S-226G-228P	0.414235831319
225S-226G	3.55788309637
225S-226G-228R	0.0691270960664
225S-226G-228T	1.78085373509
225S-226G-228W	0.0446627373936
225S-226G-228V	0.0364016736402
225S-226G-228I	0.0257009345794
225S-226G-228H	0.369605878424
225S-226G-228K	0.120897832817
225S-226G-228M	0.0490860215054
225S-226G-228L	0.0157000903342
225S-226G-228N	0.21222826087
225S-226G-228A	7.72086918156
225S-226G-228C	0.0410087719298
225S-226G-228E	0.0439121756487
225S-226G-228D	0.0318476190476
225S-226G-228G	1.50398628595
225C-226N-228R	0.00178861788618
225I-226C-228G	0.235714285714
225C-226N-228G	0.0830188679245
225I-226C-228R	0.0115789473684
225P-226F-228G	3.09704797048
226I-228W	0.00807635829662
226I-228V	0.131024930748
226I	1.23057553957
226I-228R	0.00847338935574
226I-228G	0.563170498084
225F-228A	0.257414965986
226I-228L	0.0562992125984
225A-226H-228R	0.0216322517207
225A-226H	0.951476793249
225P-228G	1.73001145475
225K-226P-228R	0.018410041841
225P-228A	2.15023809524
225K-226P-228V	0.0128093158661
225K-226P-228A	0.376273653566
225K-226P-228G	0.512053200333
225P-228L	0.0077807250221
225L-226N-228V	0.0291215403129
225R-226H-228V	0.011301369863
225W-226C-228P	0.0060773480663
225W-226C	0.212773722628
225W-226C-228R	0.0151766004415
225W-226C-228W	0.00718954248366
225W-226C-228V	0.0103684661525
225W-226C-228A	0.131887755102
225W-226C-228E	0.0209523809524
225W-226C-228G	0.14595034595
225W-226C-228L	0.0235609103079
225A-226I-228R	0.0286052009456
225M-226T	0.243157894737
225Y-226T-228G	0.868421052632
225L-226N-228G	1.50615384615
225Q-226T-228V	0.0712550607287
225Q-226T-228R	0.0488888888889
225Q-226T	0.106701940035
225P-226C-228R	0.0296296296296
225T	2.01089588378
225T-228R	0.0378551420568
226T-228D	0.00552208835341
225T-228V	0.0477022653722
225T-228T	0.184170471842
225P-226C-228V	0.00306834030683
226T-228K	0.00458333333333
226T-228L	0.00399636693915
225V-226T-228L	0.00441767068273
226T-228P	0.314703925482
225T-228A	0.366666666667
226T	0.171111111111
225T-228G	5.23625730994
225T-228E	0.0694444444444
226T-228W	0.00946643717728
226T-228_	0.0411382113821
225H-226V-228L	0.012324929972
225H-226V-228A	0.810693641618
225H-226V-228G	0.485427728614
225H-226V	1.76431372549
225H-226V-228R	0.0161764705882
225H-226V-228V	0.022619047619
225C-226M-228R	0.0037037037037
225A-226R-228C	0.0445006321113
225A-226R-228I	0.010513739546
225L-226G-228K	0.0393049437102
225L-226G-228H	0.41685062546
225L-226G-228I	0.0179738562092
225L-226G-228N	0.0974529346622
225L-226G-228L	0.0226128722382
225L-226G-228M	0.0203703703704
225L-226G-228C	0.0189726284214
225L-226G-228A	6.24883809524
225L-226G-228F	0.0864779874214
225L-226G-228G	0.666035232941
225L-226G-228D	0.028137490008
225L-226G-228E	0.0366417403127
225L-226G-228Y	0.135545023697
225L-226G-228_	0.0223188405797
225L-226G-228R	0.0349974133471
225L-226G	5.38189015339
225L-226G-228P	0.104984423676
225L-226G-228Q	1.08873370577
225L-226G-228V	0.0404953145917
225L-226G-228W	0.036161469664
225L-226G-228T	0.827075471698
226S-228Q	0.604693715195
225V-226Y	1.67487437186
226S	0.899635701275
226S-228V	1.8756174559
225I-226A-228G	1.31515151515
225I-226A-228A	4.15443425076
225I-226A-228V	0.0166666666667
225I-226A	2.82028985507
225I-226A-228R	0.0160416666667
225P-226H-228G	2.63606729758
225V-226Y-228A	2.44619047619
226S-228G	0.302172454286
225T-226I-228G	2.74672619048
226S-228M	0.0325123152709
226S-228L	0.0434453781513
226K-228_	0.0230366492147
226K-228Q	0.00195035460993
225M-226H-228G	0.195811518325
226K	0.0609929078014
226K-228W	0.0131287297528
226K-228M	0.0155202821869
226K-228L	0.0375683060109
226K-228C	0.0136363636364
226K-228E	0.0993676603433
225N-226V	1.9037845706
225A-226N-228A	3.85726872247
225A-226N-228V	0.0445482866044
225A-226N-228R	0.00597176981542
225W-226G-228R	0.0391279403328
225_-226H-228G	0.0257009345794
225K-226R-228R	0.00124083474337
225K-226R	0.00346456692913
225K-226R-228P	0.0
225K-226R-228V	0.0167822468793
225K-226R-228W	0.0103494623656
225K-226R-228T	0.00514981273408
225K-226R-228K	0.0
225K-226R-228L	0.00232067510549
225K-226R-228C	0.0371120107962
225K-226R-228A	0.00321285140562
225K-226R-228G	0.00475653318293
225K-226R-228D	0.108051529791
225K-226R-228E	0.052380952381
225E-226D-228A	0.119950433705
228L	0.00924668606531
225A-226K-228R	0.0228733459357
225A-226K-228P	0.481699346405
225W-226M	0.539814814815
225W-226M-228R	0.0629543696829
225W-226M-228V	0.0151515151515
225W-226M-228L	0.00837138508371
225W-226M-228A	0.485462097612
225A-226K-228T	0.0310405643739
225A-226K-228L	0.0106944444444
228P	2.45520833333
228R	0.0442583046964
225A-226K-228G	0.0305555555556
225E-226E-228V	0.0217656012177
225Q-226_-228R	0.0314285714286
225E-226E-228E	0.0361502347418
226V-228N	0.858998435055
226V-228M	0.0315035799523
226V-228C	0.00993975903614
226V-228A	2.28154095702
226V-228G	0.542503669532
226V-228D	0.0841417910448
226V-228E	0.033676975945
225T-226N-228G	3.41888020833
226V-228Y	0.0379719525351
226V-228_	0.0128787878788
226V	1.20083957341
226V-228P	0.553107344633
226V-228T	0.348466505246
225E-226H-228R	0.121035598706
225E-226H-228G	0.155408388521
225L-226A-228M	0.00133333333333
225L-226A-228H	0.0317117117117
225L-226A-228K	0.0675816993464
225L-226A-228E	0.0101851851852
225L-226A-228F	0.0166666666667
225L-226A-228G	0.410232495269
225L-226A-228C	0.00486295313882
225L-226A-228_	0.0604244694132
225L-226A-228Y	0.0899371069182
225L-226A-228T	0.216944444444
225L-226A-228Q	0.0436823104693
225L-226A	0.765662202381
225D-226T-228A	0.594070512821
225D-226T-228G	0.094362745098
225D-226T-228R	0.122681704261
225_-226D-228A	0.137254901961
225I-226G-228W	0.0247311827957
225I-226G-228V	0.0553819444444
225I-226G-228T	0.854545454545
225I-226G	2.86036484245
225I-226G-228R	0.0135301353014
225I-226G-228G	6.74329173167
225I-226G-228E	0.024
225I-226G-228C	0.00964912280702
225I-226G-228A	1.71260162602
225I-226G-228L	0.0342925659472
225R-226M-228V	0.041592039801
225_-226D-228R	0.0814814814815
225Y-226C-228G	0.226432748538
225M-226V-228P	0.231659693166
225M-226V-228R	0.0451733333333
225M-226V	0.442246982358
225M-226V-228T	0.0903381642512
225M-226V-228V	0.0126436781609
225M-226V-228W	0.0231092436975
225M-226V-228A	2.47221095335
225M-226V-228E	0.111594202899
225M-226V-228G	1.30586692888
225M-226V-228L	0.00451282051282
225A-228L	0.0134556574924
225A-228M	0.0191153238547
225A-228K	0.0385083713851
225V-226R-228W	0.010401891253
225A-228E	0.0424183006536
225A-228A	0.382978723404
225A-228W	0.0112820512821
225A	1.30569105691
225A-228P	1.34815618221
225L-226_-228R	0.112485875706
225L-226_	0.02
225K-226T-228V	0.0118918918919
225K-226T-228R	0.0101851851852
225K-226T-228G	0.036303630363
225Y-226M-228G	2.31321044547
225C-226G-228K	0.00355987055016
225C-226G-228Y	0.024043715847
225C-226G-228P	0.00132370637786
225C-226G	0.106477438137
225A-226M-228P	4.84934640523
226E-228Q	0.0209523809524
225M-226F-228G	1.24468468468
226E-228_	0.0410169491525
225T-226C-228L	0.0491228070175
226P-228L	0.0271794871795
226P-228M	0.0226927252986
226P-228H	0.116346153846
226E-228E	0.0319709355132
226P-228K	0.0430687830688
226P-228E	0.0435416666667
226P-228F	0.0709023941068
225T-226H-228R	0.180910425844
226P-228_	0.0141025641026
226P-228T	0.834116937914
226P-228P	0.457466918715
226E-228I	0.00388007054674
226P-228R	0.0553668890237
226P	3.20833333333
226E-228H	0.0273202614379
226E-228L	0.0239326765189
225F-226D-228G	0.0479750778816
226D-228G	0.0381897086175
225W-226I-228R	0.00754458161866
225E-226F-228G	0.343119266055
225L-226C-228V	0.00561941251596
225L-226C-228W	0.00512820512821
225L-226C-228R	0.0134461683122
225L-226C-228P	0.0114583333333
225R-226N-228A	0.17168627451
225R-226N-228G	0.234306853583
225R-226N-228E	0.00940170940171
225L-226C-228G	0.316599732262
225L-226C-228E	0.0131474103586
225L-226C-228C	0.0503663003663
225L-226C-228A	0.172721224218
225R-226N-228R	0.0039245667686
225R-226N-228W	0.0212797619048
225D-226V-228L	0.0154261057174
225D-226V-228E	0.0380952380952
225D-226V-228G	0.656599832916
225D-226V-228A	14.7277777778
225D-226V-228T	2.20196078431
225D-226V-228W	0.0272277227723
225D-226V-228V	0.51353315168
225D-226V-228P	1.03822463768
225D-226V	0.803752759382
225D-226V-228R	0.223608670182
225I-226E-228R	0.0748299319728
225I-226E-228G	0.0568226120858
225P-228W	0.00136815920398
225C-226D-228G	0.0413617886179
225P	1.41018744906
225P-228R	0.0283105022831
225P-228E	0.0214783821478
225P-228C	0.0142394822006
225C-226D-228R	0.0106280193237
225P-228M	0.0191972076789
225V-226T-228E	0.00862745098039
225H-226R-228W	0.00428015564202
225M-226T-228R	0.0460188933873
225H-226R	0.0161764705882
225M-226T-228A	2.04659863946
225M-226T-228G	0.45811965812
225A-226R-228P	0.405805243446
225A-226R-228R	0.015431066518
225A-226R	0.0141640706127
225A-226R-228T	0.0253525971792
225A-226R-228V	0.0332860520095
225A-226R-228W	0.0134527872582
225A-226R-228Y	0.029490616622
225A-226R-228_	0.153520249221
225A-226R-228A	0.0149027498323
225A-226R-228D	0.137998963193
225A-226R-228E	0.251610239472
225A-226R-228F	0.0126436781609
225A-226R-228G	0.0118918918919
225A-226R-228H	0.0409302325581
225T-226P	0.752068126521
225A-226R-228K	0.003081232493
225A-226R-228L	0.0148648648649
225A-226R-228M	0.0366013071895
225A-226R-228N	0.0557126030624
225T-226P-228R	0.109478672986
225V-228K	0.00533980582524
225V-228M	0.0117804551539
225K-226V-228G	0.19483234714
225K-226V-228E	0.0473611111111
225K-226V-228A	0.41421446384
225K-226V-228L	0.00401459854015
225K-226V-228V	0.0342490842491
225K-226V-228W	0.0
225K-226V-228T	0.0964912280702
225K-226V-228R	0.00259678942398
225K-226V	0.275278622087
225K-226V-228P	0.0969551282051
225Y-226C-228R	0.0751666666667
225W-226I-228G	1.26320474777
225K-226D-228R	0.0694174757282
225V-226T-228W	0.00553459119497
