mut	WSNfit	HK68fit
AGN	0.0	0.063768115942
AGM	0.0	0.034670487106
AGL	5.80953202056e-05	0.0106425702811
AGK	0.0	0.0481751824818
AGI	0.0	0.00506912442396
AGH	0.0	0.198141025641
AGG	0.0	2.18248332257
AGF	0.0	0.105532212885
AGE	0.0	0.0228206662677
AGD	0.0	0.103137689184
AGC	0.0	0.00805860805861
AGA	0.0	2.63577603538
AG_	0.0	0.0931531531532
AGY	0.0	0.0596021947874
AGW	0.0	0.0877902155887
AGV	0.0	0.0244349735245
AGT	0.0	1.19941422594
AGS	0.0	1.79677315263
AGR	0.0	0.042940844275
AGQ	0.0	0.119871794872
AGP	0.0	0.801587301587
YRS	0.0	0.0209263854425
SPR	0.0	0.0454743255004
SPS	0.0	1.20251889169
SPT	0.0	0.123177083333
SPV	0.0	0.00840681951793
SPW	0.0	0.00862745098039
SPL	0.0	0.00744500846024
_AW	0.0	0.00385964912281
SPA	0.0	2.88587470449
SPC	0.0	0.00977777777778
SPE	0.0	0.033950617284
SPG	0.0	0.649175452825
PQA	0.0	3.28901373283
MAS	0.0976448266533	0.729326047359
MAR	0.0	0.0627516778523
MAT	0.000580953202056	0.19298245614
MAW	0.0	0.0118279569892
MAV	0.0	0.0215158924205
SNL	0.0	0.0575163398693
PQL	0.0	0.0626465661642
SNV	0.0	0.022514619883
PQR	0.0	0.0407407407407
PQS	0.0	0.323316912972
SNR	0.0	0.0113935969868
SNS	0.0	0.031641285956
PQV	0.0	0.00924369747899
PQW	0.0	0.0132302405498
MAL	0.0	0.00844298245614
_GL	0.0	0.028252372976
EVL	0.0	0.0184210526316
_GK	0.0	0.00349206349206
_GE	0.0	0.0163624070318
EVA	0.000294349622375	10.6567260138
_GG	0.0	0.0557306147668
EVC	0.0	0.0230125523013
EVD	0.0	0.0626016260163
EVE	0.0	0.054609929078
_GC	0.0	0.144736842105
EVG	0.0	0.448563023308
_G_	0.0	0.0443223443223
EV_	0.0	0.0287958115183
EVP	0.0	0.158004385965
_GT	0.0	0.0244444444444
EVR	0.0	0.183333333333
EVS	0.0	0.0534579439252
EVT	0.0	1.94822222222
_GP	0.0	0.0180199430199
EVV	0.0	0.268770226537
EVW	0.0	0.0288389513109
LSF	0.000190312255846	0.031746031746
LSG	0.757616520306	0.545507382972
LSD	0.0	0.0639667705088
LSE	0.0	0.0980463980464
VLM	0.0	0.0117804551539
LSC	0.000466399049538	0.0526595744681
LSA	0.00848299258929	1.86962962963
VLA	0.0	2.67463942308
TTR	0.0	0.0445569620253
LSL	0.0	0.00988179669031
LSM	0.0	0.0230125523013
VLE	0.0	0.0239651416122
LSK	0.0	0.067197875166
LSH	0.0	0.00202578268877
LSI	0.0	0.00394265232975
LSV	0.000126149838161	0.00895182291667
LSW	0.000137976385488	0.0327272727273
LST	0.0	0.760121765601
LSR	0.000106648413904	0.0504755111745
LSS	0.738025072409	0.796803118908
VL_	0.0	0.00426356589147
LSQ	0.0	0.0208778173191
VLQ	0.0	0.271082621083
LS_	0.000298327319975	0.0232222222222
VLS	0.0	9.10055648303
VLR	0.0	0.0216247470367
TTG	0.00409986974023	0.168595927117
VLT	0.0	0.416716122651
VLW	0.0	0.00947647448641
LSY	0.000344940963721	0.0136524822695
GRV	0.0	0.0172537420454
GRW	0.0	0.0334643377001
GRT	0.0	0.0306605574647
GRR	0.0	0.00604754829123
GRS	0.0	0.0197426748838
GRP	0.0	0.0783410932919
GRQ	0.0	0.00265914585012
GR_	0.0	0.023691186216
GRY	0.0	0.0846153846154
GRF	0.0	0.0213403880071
GRG	0.0	0.00781334607422
GRD	0.0	0.0768115942029
GRE	0.0	0.019937694704
GRC	0.0	0.0361823361823
GRA	0.0	0.00813696331884
GRN	0.0	0.00718954248366
GRL	0.0	0.0139223057644
GRM	0.0	0.025751222921
GRK	0.0	0.0144690407443
GRH	0.0	0.134975845411
GRI	0.0	0.0212560386473
HLV	0.0	0.0623789764869
HLR	0.0	0.0551839464883
KKR	0.0	0.0
QHG	0.78831209005	0.130952380952
HLG	0.000963762816035	1.97139364303
KKG	0.0	0.00136815920398
HLA	0.0	0.180352303523
CTV	0.0	0.00378006872852
CTR	0.0	0.00949913644214
CTS	0.0	0.0163956639566
KYG	0.0	1.28042328042
CTG	0.0	0.248545861298
CTA	0.0	0.156569343066
CTL	0.0	0.015770609319
WHG	0.0	0.130162412993
WHA	0.0	0.20412371134
WHV	0.0	0.019298245614
WHR	0.0	0.0341379310345
RCV	0.0	0.0031415748674
KMG	0.00389885866487	0.307692307692
RCP	0.0	0.0164035087719
RCQ	0.0	0.00987179487179
PWV	0.0	0.0541955350269
RLM	0.0	0.0253358925144
RLL	0.0	0.0237449799197
EDA	0.00174285960617	0.119950433705
RLI	0.0	0.00113871635611
EDG	0.0	0.216602316602
RLK	0.0	0.0132132132132
RCM	0.0	0.0
RLE	0.0	0.0299238302503
RLD	0.0	0.034535738143
RLG	0.0	0.261240703178
RLF	0.0	0.0071661237785
RLA	0.0	0.0600209863589
EDL	0.0	0.00198198198198
LMW	0.0	0.0157367668097
EDR	0.0	0.186423220974
RL_	0.0	0.0360529986053
LML	0.0	0.0104389086595
_QR	0.0	0.0155128205128
RLT	0.0	0.0259879725086
RLW	0.0	0.0228475711893
RLV	0.0	0.0268444948922
RLQ	0.0	0.0887795275591
RLP	0.0	0.20024600246
RLS	0.0	0.15520984081
LMG	0.144130852618	2.3350877193
DPR	0.0	0.0170542635659
RCK	0.0	0.00179738562092
DPG	0.00199754891759	0.0357211079274
LNL	0.0	0.0015873015873
CFG	0.0	0.0302588996764
PNR	0.0	0.025462962963
PNG	0.0	9.12468193384
PRE	0.0	0.043961352657
PRD	0.0	0.0420138888889
PRG	0.0	0.25823875578
PRF	0.0	0.0642089093702
PRA	0.0	0.073383424408
PRC	0.0	0.0100833333333
SAL	0.0	0.0078125
PRM	0.0	0.00397470641373
PRL	0.0	0.0122593718338
SAA	0.00295663683189	1.42839309429
SAG	0.100004907876	0.213507540302
PRH	0.0	0.0
PRK	0.0	0.0
SAD	0.0	0.0245098039216
PRT	0.0	0.0793873312565
PRW	0.0	0.0264447526583
PRV	0.0	0.0185185185185
PRQ	0.0	0.0205190592052
PRP	0.0	0.0209685729006
PRS	0.0	0.0956008583691
PRR	0.0	0.00246439430309
SAS	0.0216210418497	0.950819047619
SAR	0.0	0.0743152769324
PR_	0.0	0.0340096618357
SAP	0.0	0.140766283525
PRY	0.0	0.032554517134
SAV	0.0	0.0553867791842
SAT	0.0	0.0354166666667
MR_	0.0	0.0191972076789
SNG	0.249071321065	1.23111573112
MRT	0.0	0.0210069444444
MRV	0.0	0.0421258304025
MRW	0.0	0.00512820512821
MRP	0.0	0.133878292461
MRQ	0.0	0.00151515151515
MRR	0.0	0.0042768273717
MRS	0.0	0.0181818181818
MRL	0.0	0.00655826558266
MRM	0.0	0.0260740740741
MRK	0.0	0.00726072607261
MRD	0.0	0.156597222222
MRE	0.0	0.253528528529
MRG	3.49307305034e-05	0.016242155777
MRA	0.0	0.00737672583826
MRC	0.0	0.0048404840484
APR	0.0	0.0864821500201
APS	0.0	1.27146833681
APP	0.0	0.0920205920206
SNA	0.0	1.41569506726
APV	0.0	0.0853615520282
APW	0.0	0.0449462365591
APT	0.0	0.386287625418
APL	0.0	0.0124871001032
APA	0.0	2.68697916667
APG	0.00134023266605	0.555339805825
APD	0.0	0.0155202821869
APE	0.0	0.0634171907757
V_V	0.0	0.115789473684
V_W	0.0	0.00940170940171
V_R	0.0	0.0145607701564
V_S	0.0	0.0406040268456
YSA	0.00604467974521	1.36307922272
YSG	0.494965905724	0.323320413437
V_G	0.0	0.0525935949481
V_A	0.0	0.117114427861
YSS	0.0894086977965	0.721212121212
YSR	0.000441524433563	0.0807339449541
YSV	0.0	0.140579710145
TKG	0.0	0.0159090909091
NLS	0.0	1.06371527778
NLR	0.0	0.0471428571429
TKA	0.0	0.0153944020356
QER	0.0	0.0359477124183
TKV	0.0	0.065671641791
TKR	0.0	0.0
NLG	0.00140614574799	2.36535947712
MAE	0.0	0.036320754717
HMG	0.0	1.64729064039
NLL	0.0	0.0322970639033
GCA	0.00238322847662	1.16853975535
SEW	0.0	0.018826405868
GCC	0.0	0.0277777777778
DLG	0.000101149635173	10.9623287671
MAG	0.268856280866	0.587587168759
GCG	0.0	0.251585976628
PVP	0.0	0.0946623093682
GCK	0.0	0.0114583333333
AFG	0.0	0.886039215686
GCM	0.0	0.0158653846154
GCL	0.0	0.00211538461538
DLL	0.0	0.0508403361345
DLS	0.0	7.89520383693
DLR	0.0	0.176511627907
GCS	0.0	0.761728395062
GCR	0.0	0.00555555555556
DLW	0.0	0.0155202821869
DLV	0.0	0.531666666667
GCW	0.0	0.0224842767296
GCV	0.0	0.0210914454277
AFV	0.0	0.0165
AFR	0.0	0.00718954248366
PVT	0.0	0.233010752688
SS_	0.0	0.0354838709677
SSY	0.0	0.00385964912281
SEQ	0.0	0.0246794871795
SST	0.0	0.237925925926
SSW	0.0	0.00642250530786
SEP	0.0	0.0460893854749
SSQ	0.0	0.190216154721
SSP	0.0	0.259002770083
SSS	0.0088627167321	0.847594721158
SSR	0.0	0.0485973050585
SSM	0.0	0.0382239382239
SSL	0.0	0.0188687992582
SSI	0.0	0.00179738562092
SSK	0.0	0.0721784776903
SSE	0.0	0.0367957746479
SSD	0.0	0.0364695340502
SSG	0.0106208155756	0.560775258886
SSF	0.0	0.0193832599119
SSA	0.240241235909	2.25354609929
SSC	0.0	0.0030303030303
WYV	0.0	0.00959860383944
WYR	0.0	0.0203703703704
WYG	0.0	1.17554945055
LVL	0.0	0.0107279693487
RMR	0.0	0.00495017679203
PVA	0.0	2.05579418345
RMP	0.0	0.437227949599
_PG	0.0	0.0616666666667
RMV	0.0	0.041592039801
RMW	0.0	0.00287958115183
ECA	0.0	0.987077294686
ECL	0.0	0.0
PVC	0.0	0.0166666666667
LNR	0.0	0.0525225225225
RMC	0.0	0.00576519916143
_PV	0.0	0.0172143974961
RMA	0.0	0.076656920078
ECS	0.0	0.0990591397849
RMG	0.0	0.162884615385
RMD	0.0	0.00182421227197
_GD	0.0	0.0167755991285
SEC	0.0	0.0110691823899
LNG	0.261142541586	1.50615384615
LNA	0.000394218244253	2.68018979834
RML	0.0	0.00401459854015
RMM	0.0	0.0131623931624
QGT	0.0	2.45730994152
SEA	0.0	0.0471032745592
_GA	0.0	0.0578551912568
YAV	0.0	0.0414492753623
YAS	0.0952881813251	0.731659056317
YAR	0.0	0.0653667595172
YAL	0.0	0.0384898710866
_FG	0.00109967808496	0.0424561403509
YAG	0.183430534536	0.43137254902
QGP	0.0	0.120567375887
YAA	0.000689881927442	0.931632653061
VML	0.0	0.00144927536232
VMG	0.0	0.800495049505
VMA	0.0	3.45298013245
_PR	0.0	0.14092039801
VMV	0.0	0.00564102564103
VMW	0.0	0.00975177304965
VMR	0.0	0.0337423312883
VMS	0.0	8.4224691358
CLL	0.0	0.0134969325153
QGG	4.41524433563e-05	0.593606138107
_GW	0.0	0.0413748378729
FDG	0.00145381170554	0.0479750778816
_GV	0.0	0.00961611554542
IMG	0.0	1.04107142857
ETV	0.0	0.0690821256039
_GQ	0.0	0.0385964912281
CYG	0.0	0.0413675213675
_GS	0.0	0.0463601532567
CLE	0.0	0.0485294117647
_GR	0.0	0.0884776708611
VCA	0.0	0.175617902472
VCE	0.0	0.0750387596899
VCG	0.0	0.114769647696
CWS	0.0	0.0200729927007
CWR	0.0	0.017270531401
VCL	0.0	0.00459770114943
VLK	0.0	0.00533980582524
CWW	0.0	0.00333333333333
FKG	0.0	0.00555555555556
VCR	0.0	0.0192684183411
VCS	0.0	0.123873873874
CWL	0.0	0.00498866213152
VCV	0.0	0.00159074475777
VCW	0.0	0.0031746031746
CWA	0.0	0.0288713910761
FKR	0.0	0.00196078431373
FRL	0.0	0.0133680555556
CWE	0.0	0.0250877192982
CWG	0.0	0.0363794604003
VLL	0.0	0.0132240437158
QSA	0.0529829320275	2.09651257097
QSG	0.224340401192	0.306057053537
WKL	0.0	0.021568627451
QSE	0.0	0.0272197962154
WKA	0.0	0.0959302325581
WKE	0.0	0.252329749104
WKG	0.0	0.19931880109
QSL	0.0	0.0267206477733
QSS	0.0542444304092	0.680448717949
TTS	0.0	0.0785714285714
QSW	0.0	0.0047619047619
QSV	0.0	0.0814814814815
QST	0.0	0.938184663537
WKS	0.0	0.241388888889
WKR	0.0	0.00622641509434
VLC	0.0	0.00229166666667
WKW	0.0	0.0040072859745
WKV	0.0	0.0220735785953
PAP	0.0	0.12123655914
PAR	0.0	0.016547008547
PAS	0.0	0.889346405229
CKA	0.0	0.00572916666667
PAV	0.0	0.0416249304396
PAW	0.0	0.0741134751773
TTV	0.0	0.027808988764
PAA	0.0	1.71283697047
PAC	0.0	0.00544554455446
PAD	0.0	0.0252361673414
PAE	0.0	0.00636889991729
PAG	0.0	2.23232689211
PAK	0.0	0.0186728395062
PAL	0.0	0.0261904761905
PAM	0.0	0.00756013745704
AW_	0.0	0.00594594594595
MQG	0.000108610181231	0.485267489712
AWW	0.0	0.0055316091954
DCG	0.000113571520195	0.302629107981
AWT	0.0	1.18384146341
AWS	0.0	5.94723991507
AWR	0.0	0.0128753180662
AWQ	0.0	0.2816
AWP	0.0	0.624584426947
AWM	0.0	0.0376068376068
AWL	0.0	0.0185990338164
AWK	0.0	0.0757246376812
PDA	0.0	0.116087516088
AWG	0.0	0.248060849214
AWE	0.0	0.0242424242424
AWD	0.0	0.0270025839793
DCR	0.0	0.00621468926554
AWA	0.0	2.92046783626
WEC	0.0	0.0
WEA	0.0	0.0252688172043
CCV	0.0	0.0458333333333
WEG	0.0	0.0674479166667
LSP	0.0	0.130023640662
DQR	0.00111277608064	0.902867383513
TTL	0.0	0.0112081513828
WEL	0.0	0.00671902268761
WES	0.0	0.0311111111111
WER	0.0	0.106897723411
DQG	1.0	0.881839904421
WEW	0.0	0.0111111111111
WEV	0.0	0.0317585301837
WET	0.0	0.682666666667
TTA	0.0	0.717785630153
GAY	0.0	0.300099206349
WDR	0.0	0.118385650224
VLV	0.0	0.0131736526946
AEQ	0.0	0.0628571428571
AEP	0.0	0.10218579235
AES	0.0	0.0531854379977
AER	0.0	0.0815149029259
AET	0.0	0.0906007751938
AEW	0.0	0.0406446540881
AEV	0.0	0.055737704918
AE_	0.0	0.0229166666667
AEA	0.0	0.0476360746921
AEC	0.0	0.0225845410628
AEE	0.0	0.0249370277078
AED	0.0	0.0196679438059
AEG	0.0	0.0549570647931
AEK	0.0	0.022
AEL	0.0	0.026791927627
VNV	0.0	0.0642969984202
PSL	0.0	0.00735171261487
PSC	0.0	0.0205459770115
PSA	0.0	2.76989869754
PSG	0.000707027662346	4.35363680154
PSD	0.0	0.0495495495495
PSE	0.0	0.00619718309859
PSR	0.0	0.0312246553122
PSS	0.000269222215587	0.639259259259
PSP	0.0	0.313545347468
PSV	0.0	0.0572327044025
PSW	0.0	0.0148148148148
PST	0.0	0.186715867159
ETR	0.0	0.209239130435
_AV	0.0	0.0058981233244
_AT	0.0	0.0241758241758
_AS	0.0	0.0534080298786
_AR	0.0	0.00905349794239
_AG	0.000843580412663	0.0412079510703
_AE	0.0	0.0676229508197
ETA	0.0	0.461197916667
ETG	0.0	0.249411071849
_AA	0.000245291351979	0.0328849028401
SWM	0.0	0.0329805996473
_AL	0.0	0.0381598793363
SWL	0.0	0.00901071203529
VRS	0.0	0.302950819672
VRR	0.0	0.0062735104963
VRQ	0.0	0.00135301353014
VRP	0.0	0.0438314176245
VRW	0.0	0.010401891253
VRV	0.0	0.00860522800992
VRT	0.0	0.084067357513
TVT	0.0	0.312394705174
VRY	0.0	0.0260869565217
TVV	0.0	0.0879743140689
VR_	0.0	0.0313813813814
TVP	0.0	0.375396825397
TVS	0.0	0.948580246914
TVR	0.0	0.0764227642276
VRC	0.0	0.0290918163673
TVL	0.0	0.0299319727891
VRA	0.0	0.15211062591
VRG	0.000276693195571	0.643827629911
VRF	0.0	0.0316722037652
VRE	0.0	0.0239290495315
VRD	0.0	0.103435804702
VRK	0.0	0.0671817512877
TVD	0.0	0.00960698689956
TVG	0.0	1.05596738325
VRH	0.0	0.00211335254563
TVA	0.0	4.42916053019
VRN	0.0	0.0156028368794
TVC	0.0	0.0044
VRL	0.0	0.0113003514463
SRC	0.0	0.00936739659367
SRA	0.0	0.0121373109931
SRF	0.0	0.0419302514193
SRG	0.0	0.00982449565923
SRD	0.0	0.112405176261
SRE	0.0	0.146164813231
SRK	0.0	0.0025641025641
SRH	0.0	0.0778346121057
SRI	0.0	0.016029143898
SRN	0.0	0.00458333333333
YRE	0.0	0.376974564926
SRL	0.0	0.0113425925926
SRM	0.0	0.0541741741742
SRR	0.0	0.00987755102041
SRS	0.0	0.0361474219317
SRP	0.0	0.4092042186
SRQ	0.0	0.00861478218306
SRV	0.0	0.0400911161731
SRW	0.0	0.0196848290598
SRT	0.0	0.0933607118412
YRP	0.0	0.0443548387097
YRR	0.0	0.00232804232804
SRY	0.0	0.0453703703704
YRT	0.0	0.00860719874804
SR_	0.0	0.0163907284768
YRV	0.0	0.0327981651376
YRW	0.0	0.00269607843137
TDA	0.0	0.097423510467
TDG	0.0	0.0343500363108
NMG	0.0	2.15503144654
QNG	0.494951648116	1.54103773585
TDS	0.0	0.0921675774135
TDR	0.0	0.0913494809689
TDV	0.0	0.0571038251366
CVV	0.0	0.00526630760024
CVW	0.0	0.00643274853801
CVT	0.0	0.00804093567251
CVR	0.0	0.0349434290688
CVS	0.0	0.0433977455717
CVP	0.0	0.00618846694796
CVL	0.0	0.00175438596491
CVG	0.0	0.0952086553323
CVD	0.0	0.0078853046595
CVE	0.0	0.0177011494253
CVC	0.0	0.0249563699825
CVA	0.0	0.111923688394
QRA	0.0	0.00756793945648
QRC	0.0	0.00285343709468
QRD	0.0	0.278666666667
QRE	0.0	0.184794156707
QRG	0.000720797400225	0.00912022109627
QRK	0.0	0.00323054331865
QRL	0.0	0.0187596899225
QRM	0.0	0.014798206278
QRP	0.0	0.187113402062
QRR	0.0	0.0268292682927
QRS	0.0	0.0115568290353
QRT	0.0	0.0280031821798
QRV	0.0	0.0930894308943
QRW	0.0	0.00512820512821
RSS	7.50891893814e-05	0.152326621924
QR_	0.0	0.0187596899225
GYG	6.0648960654e-05	0.207981220657
TGP	0.0	0.220095486111
HPG	0.00372934307074	3.33220720721
QVS	0.0	0.933054003724
_SL	0.0	0.060641025641
_SA	0.0	0.0171875
_SE	0.0	0.0
_SG	0.00136983428978	0.0541062801932
TST	0.0	0.113333333333
_SS	0.000216433545864	0.0750487329435
_SR	0.0	0.0195266272189
_SW	0.0	0.00474137931034
_SV	0.0	0.00088141025641
WDA	0.0	0.124618736383
GYL	0.0	0.00571131879543
WDE	0.0	0.0173684210526
WDG	0.0	8.27085179714
DRQ	0.0	0.00682170542636
DRP	0.0	0.603606237817
DRS	0.0	0.0393596986817
DRR	0.0	0.060826343585
WDL	0.0	0.013153961136
DRT	0.0	0.108105369807
DRW	0.0	0.0392488262911
DRV	0.0	0.181232951446
DRK	0.0	0.0576988155668
WDS	0.0	0.0624113475177
DRM	0.0	0.00601092896175
DRL	0.0	0.00689223057644
WDV	0.0	0.0878243512974
DRA	0.0	0.0109523809524
DRC	0.0	0.0530303030303
DRE	0.00059155096984	1.97400419287
DRD	0.0	0.175438596491
DRG	0.000607609476754	0.026473234368
RVC	0.0	0.0153909465021
RVA	0.0	0.197484547937
RVG	0.0	0.145614724569
RVF	0.0	0.00970588235294
RVE	0.0	0.022554188635
RVD	0.0	0.0175872093023
RVK	0.0	0.0101049868766
RVI	0.0	0.0
RVH	0.0	0.0502283105023
RVN	0.0	0.0890476190476
RVM	0.0	0.00916666666667
RVL	0.0	0.0229015998247
RVS	0.0	0.10915534554
RVR	0.0	0.015246015246
RVQ	0.0	0.0744791666667
RVP	0.0	0.168565815324
RVW	0.0	0.0140680272109
RVV	0.0	0.0257485940112
RVT	0.0	0.0320540156361
GYS	0.0	0.236271529889
RVY	0.0	0.00279187817259
RV_	0.0	0.0263742690058
TGG	0.0	0.212543048758
TGE	0.0	0.0595622119816
EKA	0.000689881927442	0.0789237668161
DVV	0.0	0.51353315168
EKV	0.0	0.196618357488
SCL	0.0	0.0162601626016
PTL	0.0	0.00390070921986
RKK	0.0	0.0
SCE	0.0	0.0211793020457
EKS	0.0	0.743297101449
SCG	0.0	0.237123842593
SCA	0.0	0.711420982736
PTA	0.0	6.39454022989
EKR	0.0	0.0904914529915
PTW	0.0	0.0577898550725
PTV	0.0	0.0214043993232
SCW	0.0	0.0211538461538
SCV	0.0	0.0165222414789
PTS	0.0	0.869640644362
PTR	0.0	0.0535897435897
SCS	0.0	0.325719120135
SCR	0.0	0.0316511730854
MPG	0.0	6.36463963964
AV_	0.0	0.0147574819401
AVY	0.0	0.0557189542484
MPA	0.0	1.83668188737
AVT	0.0	0.197275031686
AVV	0.0	0.112413585813
AVW	0.0	0.0075781664017
AVP	0.0	0.289720194647
AVQ	0.0	0.158333333333
AVR	0.0	0.0308612909555
AVS	0.0	0.682926829268
AVL	0.0	0.0152965235174
AVM	0.0	0.0244444444444
MPR	0.0	0.0674329501916
AVI	0.0	0.00588235294118
AVK	0.0	0.203097893432
AVD	0.0	0.0505050505051
AVE	0.0	0.0285185185185
AVF	0.0	0.0125816993464
AVG	0.00556683944915	0.73454969898
AVA	0.0109359061091	2.39308661013
AVC	0.0	0.00551378446115
G_T	0.0	0.013880126183
YQG	0.00172272993523	0.498009950249
G_V	0.0	0.117797888386
G_P	0.0	0.0113402061856
G_S	0.0	0.0228373702422
G_R	0.0	0.0151873767258
G_L	0.0	0.0201550387597
G_E	0.0	0.0180017226529
G_D	0.0	0.0441964285714
G_G	0.00058749925087	0.0336884154461
G_A	0.0	0.0459639126306
G_C	0.0	0.00618846694796
TEL	0.0	0.0177679882526
TEA	0.0	0.0595639943741
QMR	0.0	0.0347368421053
TEE	0.0	0.0195555555556
TEG	0.0	0.0395259938838
TER	0.0	0.056498951782
TES	0.0	0.021103117506
TEV	0.0	0.031884057971
TEW	0.0	0.00936170212766
ADV	0.0	0.0301481481481
ADW	0.0	0.0443055555556
ADR	0.0	0.149209245742
ADS	0.0	0.0496774193548
ADP	0.0	0.0793269230769
GML	0.0	0.0310319227914
GMC	0.0	0.0617161716172
GMA	0.0	0.389714285714
FCG	0.0	0.0993311036789
GMG	0.00074098429244	1.26455284553
GME	0.0	0.0329468599034
GMD	0.0	0.0833333333333
ADG	0.0	0.116755413561
ADE	0.0	0.0205459770115
__A	0.0	0.0358695652174
ADA	0.0	0.117884481559
GMS	0.026790414849	0.994943820225
GMR	0.0	0.0101020408163
ADL	0.0	0.00371621621622
GMP	0.0	2.25480427046
GMW	0.0	0.0181968569065
GMV	0.0	0.261724137931
GMT	0.000275952770977	0.0602305475504
GFR	0.0	0.0171631205674
MWG	0.0	0.545045045045
QCR	0.0	0.0383275261324
TWA	0.0	3.14274425287
TWG	0.0	0.103714285714
TWE	0.0	0.0283197831978
TWL	0.0	0.00124293785311
TWR	0.0	0.0291666666667
TWS	0.0	2.97094017094
TWP	0.0	2.36535947712
TWV	0.0	0.00666666666667
TWW	0.0	0.0293952180028
TWT	0.0	0.345203252033
LTW	0.0	0.0047619047619
HQG	0.000966221558536	0.417301587302
RKT	0.0	0.03
RKV	0.0	0.00833333333333
RKW	0.0	0.000877192982456
RKP	0.0	0.0
EAL	0.0	0.0
RKR	0.0	0.000945017182131
RKS	0.0	0.00228097459824
EAA	1.41496647864	7.99400260756
_RG	0.0	0.053805476865
EAC	0.0	0.024213836478
RK_	0.0	0.0458333333333
EAE	0.000441524433563	0.0261904761905
EAD	0.0	0.0529411764706
EAG	0.00409657465384	0.284358343583
_RA	0.0	0.054126984127
RKD	0.0	0.0319502074689
_R_	0.0	0.0569721115538
RKG	0.0	0.00515170026471
RKA	0.0	0.00378006872852
EA_	0.0	0.0353637901861
RKC	0.0	0.00998702983139
RKL	0.0	0.00874617737003
RKM	0.0	0.0
EAS	0.0139538382305	1.00739986422
EAR	0.0	0.113272311213
_RR	0.0	0.0174457429048
EAT	0.00157687297701	3.27056856187
EAW	0.0	0.0168099331423
_RQ	0.0	0.0803652968037
ESW	0.0	0.0308641975309
KLE	0.0	0.0166666666667
KLG	0.0	0.30152534769
ESS	0.000290476601028	0.945034642032
KLA	0.0	0.133167495854
ESP	0.0	0.241962774958
KLL	0.0	0.00261904761905
ESG	3.9142237018e-05	0.16225
KLV	0.0	0.0504474272931
ESD	0.0	0.017277486911
ESC	0.0	0.0036850921273
ESA	0.347275948706	1.87292644757
KLS	0.0	0.151822916667
ESL	0.0	0.0055
VSP	0.0	0.159726027397
VSQ	0.0	0.0814814814815
VSR	0.0	0.0514673311185
VSS	0.000143352088819	1.51549413735
VST	0.0	2.44280607685
VSV	0.0	0.0260162601626
VSW	0.0	0.00448065173116
VSY	0.0	0.0113402061856
YGL	0.0	0.0554621848739
ELS	0.0	12.6461358314
VS_	0.0	0.0
YGW	0.0	0.052
PTG	0.000239958931284	3.22626811594
VSC	0.0	0.0106280193237
VSD	0.0	0.0349710982659
YGR	0.0	0.0516711833785
VSF	0.0	0.0173684210526
VSG	0.000352416253286	0.572022880915
VSI	0.0	0.0040072859745
VSK	0.0	0.00924369747899
VSL	0.0	0.0150131233596
VSM	0.0	0.0229166666667
RYL	0.0	0.0172549019608
_VT	0.0	0.0440801457195
RYG	0.000621557178455	0.575259259259
RYE	0.0	0.0172955974843
RYA	0.0	0.755861581921
QAV	0.000501732310867	0.0564102564103
SCC	0.0	0.00829562594268
RYV	0.0	0.0121463077985
RYW	0.0	0.0
RYT	0.0	0.0586666666667
RYR	0.0	0.00209224916786
RYS	0.0	1.0410331384
RYP	0.0	0.0932748538012
QAP	0.0	0.117405582923
F_G	0.000162325159398	0.0275985663082
EWD	0.0	0.0222836095764
_EA	0.0	0.0604810996564
LHG	0.0014917372283	0.192735042735
VAK	0.0	0.0405904059041
VAH	0.0	0.0216845878136
VAL	0.0	0.00518867924528
VAM	0.0	0.0613605442177
VAC	0.0	0.00790655884996
VAA	0.0	1.94770642202
VAF	0.0	0.00752136752137
VAG	0.0	0.887009803922
VAD	0.0	0.0208860759494
VAE	0.0	0.0458333333333
LHV	0.0	0.0379310344828
LHS	0.0	0.34696969697
VA_	0.0	0.0427318295739
SCT	0.0	0.054609929078
VAR	0.0	0.0342925659472
VAS	0.0	1.3405921681
VAP	0.0	0.197435897436
VAQ	0.0	0.0179591836735
VAV	0.0	0.0177993527508
VAW	0.0	0.0155310006139
VAT	0.0	0.838487115544
RLH	0.0	0.0366666666667
QQG	0.003176847801	0.575087719298
YLG	0.0	3.82854209446
QAG	1.43069956939	0.258865248227
SCP	0.0	0.0223787167449
QQV	0.0	0.0211169284468
QQR	0.0	0.0744157441574
LMR	0.0	0.0228373702422
LMS	0.00387302134704	2.25011111111
CMG	0.0	0.110894308943
PCS	0.0	0.0201307189542
PCV	0.0	0.00306834030683
LMV	0.0	0.0147360126084
PCL	0.0	0.0
_ER	0.0	0.0452889944576
CMV	0.0	0.0161764705882
PCA	0.0	0.0293844367015
CMS	0.0	0.00558375634518
PCG	0.0	0.154761904762
LQG	7.80570303443e-05	0.62135030046
M_A	0.0	0.0803921568627
M_G	0.000112633784072	0.0960843373494
_EV	0.0	0.037987987988
EDV	0.0	0.125038402458
WGE	0.0	0.0411919831224
WGD	0.0	0.0390289449113
WGG	0.0	3.17341492436
WGF	0.0	0.125027322404
WGA	0.0	3.51107119095
WGC	0.0	0.0321822541966
DSV	0.0	0.0578947368421
DSW	0.0	0.00840978593272
WGN	0.0	0.227482993197
DSR	0.0	0.269477911647
DSS	0.0	1.46238651102
WGK	0.0	0.0249846531614
WGT	0.0	1.06791666667
DSL	0.0	0.00292164674635
HSA	0.0265732297978	1.79929676512
WGQ	0.0	0.564925755248
WGP	0.0	0.304423868313
WGS	0.0	5.24931750742
LMA	0.0	0.370093457944
DSG	0.0135215261427	0.311111111111
WG_	0.0	0.028314028314
WGY	0.0	0.0941441441441
DSA	0.0429591340764	3.83229166667
RWA	0.0	0.891915059419
RWC	0.0	0.00749829584185
RWD	0.0	0.0282655246253
RWE	0.0	0.0553775743707
RWF	0.0	0.0100113765643
RWG	0.0	0.276231060606
RWH	0.0	0.0180751173709
RWI	0.0	0.00975918884664
RWK	0.0	0.00773966578716
RWL	0.0	0.0043392504931
RWM	0.0	0.0136524822695
RWN	0.0	0.0539763113367
LME	0.0	0.0157142857143
RWP	0.0	0.358450046685
RWQ	0.0	0.169863945578
RWR	0.0	0.00564319610106
RWS	0.0	0.761106382979
RWT	0.0	0.0417200854701
RWV	0.0	0.0169824561404
RWW	0.0	0.00488297013721
RWY	0.0	0.0
RLR	0.0	0.00510004880429
RW_	0.0	0.0463157894737
GLH	0.0	0.122222222222
GLI	0.0	0.0603921568627
GLK	0.0	0.292857142857
GLL	0.0	0.00924668606531
GLM	0.0	0.122798742138
AKS	0.0	0.0141025641026
GLA	5.18221166154e-05	0.400120845921
GLC	0.0	0.0333917104495
GLD	0.0	0.0271604938272
AKV	0.0	0.00988319856244
GLF	0.0	0.025
GLG	0.0	0.864405113078
GLY	0.0	0.169333333333
GL_	0.0	0.0431851851852
GLP	0.0	2.45520833333
GLQ	0.0	1.91120071685
AKA	0.0	0.0102803738318
GLS	0.00814197284664	1.0
GLT	0.0	0.169522402757
GLV	0.0	0.0723102938068
GLW	0.0	0.0212280701754
_LA	0.0	0.0135135135135
E_A	0.0	0.0173104434907
HSV	0.0	0.0552820512821
HDG	0.0	0.0651438240271
CAV	0.0	0.00301163586585
MMR	0.0	0.066493955095
MMG	0.0112220793531	1.05866666667
MMA	0.0	0.136787564767
ERT	0.0	0.142419080068
ERV	0.0	0.117296389589
ERW	0.0	0.0190621814475
ERP	0.0	0.173522853958
ERQ	0.0	0.00859375
ERR	0.0	0.0173187022901
ERS	0.0	0.0704681450194
ER_	0.0	0.103823178017
ERY	0.0	0.0485540334855
_CV	0.0	0.0453968253968
ERD	0.0	0.102368866328
ERE	0.0	1.00366804218
ERF	0.0	0.0392156862745
ERG	0.0	0.0331981981982
ERA	0.000172470481861	0.0101583113456
ERC	0.0	0.022431372549
ERL	0.0	0.0224662813102
ERM	0.0	0.0367935409458
ERN	0.0	0.381865284974
ERH	0.0	0.0161527165932
ERI	0.0	0.0244444444444
_CG	0.0	0.0383333333333
ERK	0.0	0.0385310734463
L_R	0.0	0.112485875706
MPV	0.0	0.034375
VPW	0.0	0.0360655737705
VPV	0.0	0.00771929824561
L_V	0.0	0.0497318007663
L_W	0.0	0.0129793510324
L_T	0.0	0.0173684210526
VPR	0.0	0.0367240479917
VPE	0.0	0.00621468926554
VPG	0.0	1.50586789555
L_A	0.0	0.0401826484018
VPA	0.0	1.8115942029
L_G	0.00121666511528	0.0475793650794
L_E	0.0	0.0
AVH	0.0	0.0308259587021
L_L	0.0	0.00971302428256
STE	0.0	0.0137656427759
STG	0.00314015222146	1.10914380715
STA	0.0982391864677	2.71321171918
STC	0.0	0.0502283105023
STL	0.0	0.00679012345679
THR	0.0	0.180910425844
STT	0.0	0.285945273632
STV	0.0	0.0425483503982
STW	0.0	0.0152777777778
STP	0.0	0.293665158371
YPG	0.0	7.1045112782
STR	0.0	0.121880819367
STS	0.0	0.157459677419
ST_	0.0	0.0180327868852
QLV	0.0	0.221958456973
QLW	0.0	0.034375
QLT	0.0	0.276909722222
QLR	0.0	0.0823371028541
QLS	0.0	1.39215053763
QLL	0.0	0.0028314028314
QLG	0.000840930300265	4.39741176471
QLA	0.0	0.507319223986
LIG	0.000459921284961	2.56836027714
LIA	0.0	0.770336391437
LIL	0.0	0.00555555555556
GPT	0.0	0.834116937914
LIV	0.0	0.00944206008584
LIR	0.0	0.0270299145299
VFR	0.0	0.0
WTR	0.0	0.0825770308123
WTS	0.0	0.0900900900901
WTT	0.0	0.195792880259
WTV	0.0	0.0412912912913
WTW	0.0	0.0
MAA	0.000344940963721	1.38064943671
QPA	0.0	4.25333333333
QPG	0.000220762216782	2.31061452514
WTA	0.0179969198463	0.908629088379
WTE	0.0	0.0546783625731
WTG	0.00176303159235	0.471111111111
QPR	0.0	0.00376712328767
QPS	0.0	1.71175438596
WTL	0.0	0.0153846153846
G_W	0.0	0.0553656220323
TPG	0.0	0.754651162791
TPA	0.0	3.41552511416
HRT	0.0	0.0611111111111
HRW	0.0	0.00428015564202
HRV	0.0	0.0482853223594
HRP	0.0	0.376758409786
HRS	0.0	0.0161764705882
HRR	0.0	0.00717079530639
TPW	0.0	0.00194003527337
TPV	0.0	0.0704106280193
TPS	0.0	0.752068126521
TPR	0.0	0.109478672986
HRE	0.0	0.160508701473
HRG	0.00147887742461	0.00707602339181
HRA	0.0	0.0214465408805
_MR	0.0	0.0569579288026
KAA	0.000501732310867	0.30074906367
KAG	0.0	0.112854825629
KAE	0.0	0.0366666666667
RHP	0.0	0.0531152647975
RHS	0.0	0.0728422619048
RHR	0.0	0.00464723278411
RHT	0.0	0.21673414305
RHW	0.0	0.0131421744325
KAL	0.0	0.00493273542601
KAS	0.0	0.0720040281974
KAR	0.0	0.000748299319728
_MG	0.00164951712744	0.0195035460993
KAV	0.0	0.0078431372549
RHA	0.0	0.107027027027
RHC	0.0	0.00597826086957
RHE	0.0	0.104210526316
RHG	0.0	0.0696590118302
WFG	0.0	0.935
QVA	0.0412089471325	5.15788005579
WFR	0.0	0.00172955974843
RTE	0.0	0.0535234899329
RTD	0.0	0.0291324200913
RTG	0.0	0.113886475529
RTF	0.0	0.0133680555556
RTA	0.0	0.282918050941
WCW	0.0	0.00718954248366
RTC	0.0	0.0134651600753
RTM	0.0	0.0117021276596
RTL	0.0	0.0286694101509
RTI	0.0	0.00171339563863
RTH	0.0	0.0181518151815
RTK	0.0	0.00301783264746
RTT	0.0	0.0993839835729
RTW	0.0	0.018743343983
RTV	0.0	0.0183157220621
RTQ	0.0	0.0259842519685
RTP	0.0	0.100082712986
RTS	0.0	0.0666666666667
RTR	0.0	0.00276035131744
RT_	0.0	0.0191432396252
RTY	0.0	0.0113402061856
RFS	0.0	1.13333333333
RFR	0.0	0.00189982728843
__G	0.0	0.0118977384464
RFW	0.0	0.259309309309
RFV	0.0	0.0163604549431
RFT	0.0	0.056102003643
ENR	0.0	0.322045855379
RFG	0.0	0.370319634703
RFE	0.0	0.0154929577465
__R	0.0	0.0540504648074
RFL	0.0	0.0189111747851
ASR	0.0	0.036432458008
YER	0.0	0.0452054794521
ATG	0.0	1.1585039818
ATE	0.0	0.165517241379
ATC	0.0	0.0263157894737
ATA	0.0226281272201	1.78080945884
ISS	0.0	1.76598639456
ISR	0.0	0.0226666666667
ATL	0.0	0.0113695090439
ISV	0.0	0.0151061173533
ATV	0.0	0.0471529110685
ATW	0.0	0.00901639344262
ATT	0.0	0.396055979644
ATR	0.0	0.0387387387387
ATS	0.0	0.58487804878
ATP	0.0	0.095503875969
ISL	0.0	0.00201465201465
EMA	0.0	2.04453333333
ISA	0.0	1.16636500754
ISG	0.00100571120043	1.71215351812
PVQ	0.0	0.0403141361257
SEV	0.0	0.0356095093576
PVS	0.0	2.76468032278
PVR	0.0	0.0266666666667
SES	0.0	0.0446111111111
SER	0.0	0.0849593495935
PVW	0.0	0.0120675105485
PVV	0.0	0.0311546840959
SE_	0.0	0.110394265233
PV_	0.0	0.0757246376812
SEG	0.0	0.0353916866507
SEE	0.0	0.0202631578947
SED	0.0	0.0140350877193
PVE	0.0	0.00957354221062
PVD	0.0	0.0266381766382
PVG	0.0	1.91280553753
SEM	0.0	0.00194003527337
SEL	0.0	0.0197557471264
SEK	0.0	0.0238333333333
PVL	0.0	0.0215264187867
FRC	0.0	0.0219202898551
FRA	0.0	0.00412912912913
RER	0.0	0.0253522981694
FRG	0.0	0.021568627451
FRE	0.0	0.0665322580645
PDV	0.0	0.0420489296636
CLG	0.0	0.0781893004115
PDS	0.0	0.139862542955
CLA	0.0	0.0577565632458
_EG	0.0	0.0151515151515
CLC	0.0	0.0478260869565
FRS	0.0	0.0418803418803
FRR	0.0	0.0290528233151
FRP	0.0	0.334449093445
FRW	0.0	0.0224776500639
FRV	0.0	0.0253968253968
FRT	0.0	0.019730941704
PDG	0.0	8.35518058022
CLV	0.0	0.0167427701674
CLW	0.0	0.0114074074074
CLP	0.0	0.0210069444444
CLR	0.0	0.0036303630363
CLS	0.000162325159398	0.0372710622711
RGC	0.0	0.0108190271817
QMG	0.681701811559	3.30827956989
YRA	0.0	0.0354124748491
SWK	0.0	0.0395114942529
YWS	0.0	3.16807760141
YWR	0.0	0.0152249134948
SWA	0.0	4.99583333333
SWC	0.0	0.0120218579235
RGG	0.0	0.163683587585
SWE	0.0	0.0539463601533
SWD	0.0	0.0251908396947
SWG	0.0	0.338799236509
YWG	9.35433121955e-05	0.272043010753
SW_	0.0	0.00154711673699
SWQ	0.0	0.464444444444
SWP	0.0	1.6115
SWS	0.0	5.34034833091
SWR	0.0	0.059750927398
SWT	0.0	1.02835249042
SWW	0.0	0.0188436830835
SWV	0.0	0.0508384458078
TGR	0.0	0.0497962154294
TGS	0.0	4.64018583043
GYE	0.0	0.254679802956
TGQ	0.0	0.28
TGV	0.0	0.0533685268979
TGW	0.0	0.0132530120482
TGT	0.0	1.39108187135
TGY	0.0	0.386037735849
TG_	0.0	0.0263788968825
GYW	0.0	0.227971014493
GYV	0.0	1.00017969452
TGA	0.0	6.16008878128
TGF	0.0	0.24891598916
GYR	0.0	0.0398131932283
TGD	0.0	0.0556962025316
GYP	0.0	0.80058224163
TGK	0.0	0.0860444444444
TGH	0.0	0.110691823899
TGI	0.0	0.0228148148148
TGL	0.0	0.0221503056455
TGM	0.0	0.02351797862
LPS	0.00062479872674	0.644800569801
MLA	0.0	0.24880952381
MLG	4.8841198403e-05	2.28970704671
MLL	0.0	0.003081232493
MLR	0.0	0.0988990825688
MLS	0.0	0.868155784651
MLV	0.0	0.0204219409283
MLW	0.0	0.0100917431193
NRL	0.0	0.0161616161616
NRC	0.0	0.0040293040293
NRA	0.0	0.0191817572099
NRG	0.0	0.00538160469667
NRE	0.0	0.133974358974
NRS	0.0	0.0252204585538
NRR	0.0	0.00653789004458
NRP	0.0	0.167619047619
NRW	0.0	0.0611111111111
NRV	0.0	0.081746031746
NRT	0.0	0.0366666666667
QAT	0.0	0.138364779874
QAW	0.000919842569923	0.00143229166667
TQG	0.0145006644697	0.478352490421
TQA	0.0	2.20788530466
QAS	0.0279894953419	1.75367063492
QAR	0.000275952770977	0.0579533941236
GWF	0.0	0.155505952381
ASP	0.0	0.194818252127
QAE	0.0	0.0116607773852
TQV	0.0	0.165797101449
QAA	0.0110381108391	1.6767610748
TQR	0.0	0.133147113594
TQS	0.0	1.21479750779
QAL	0.0	0.0123134328358
GMQ	0.0	1.13263525305
E_R	0.0	0.00752688172043
_LR	0.0	0.0172060409924
_LS	0.0	0.0554824561404
_LT	0.0	0.0624113475177
HSG	0.174677365371	0.276208411802
_LV	0.0	0.041961852861
_LW	0.0	0.0108298171589
RIV	0.0	0.0173684210526
RIW	0.0	0.0
RIR	0.0	0.00628571428571
RIS	0.0	0.226984126984
HSL	0.0	0.00361247947455
HSR	0.0	0.154994742376
HSS	0.0647569169226	0.389686098655
RIL	0.0	0.00130952380952
E_G	0.0019061086806	0.0534379671151
_LG	0.0	0.0575718575719
RIG	0.0	0.086500655308
RIE	0.0	0.155609756098
_LL	0.0	0.0241898148148
RIA	0.0	0.124509803922
HAL	0.0	0.0078431372549
KNG	0.0	0.201960784314
EQS	0.0200692924347	5.76998341625
EQR	0.0	0.573333333333
GDR	0.0	0.0955901426719
EQV	0.0	0.0652125279642
EQA	0.000788436488505	7.7
GDT	0.0	0.0639254385965
HAR	0.0	0.0128978224456
HAS	0.0417528540434	0.533851468048
HAV	0.0	0.119088319088
SYA	0.0	4.13475177305
SYG	0.0	1.63905472637
GHE	0.0	0.0138364779874
VQR	0.0	0.032497212932
VQS	0.0	1.1
VQV	0.0	0.0170103092784
VQW	0.0	0.00301783264746
YEG	0.0	0.0665674603175
SYL	0.0	0.03
SYS	0.0	1.09686609687
SYR	0.0	0.0237954768928
SYV	0.0	0.042054958184
VQL	0.0	0.00998702983139
VQA	0.0	4.48048780488
VQG	0.00116200378907	4.043359375
VQE	0.0	0.00495495495495
RGP	0.0	0.0211155378486
RGQ	0.0	0.113402061856
EMG	0.898255014734	4.8575
RGS	0.0	1.08566567065
RGT	0.0	0.186897717667
RGV	0.0	0.0142339544513
RGW	0.0	0.0115961957144
EGL	0.0	0.0102179349768
RGY	0.0	0.0280339805825
RG_	0.0	0.051012042019
RGA	0.0	0.840835291047
EMV	0.000283028483053	0.855555555556
RGD	0.0	0.0505156645262
RGE	0.0	0.0153806899367
RGF	0.0	0.0562728380024
EMR	0.0	0.0951476793249
RGH	0.0	0.0187739463602
RGI	0.0	0.00884094754653
RGK	0.0	0.00778428501708
RGL	0.0	0.0171436667611
RGM	0.0	0.017387687188
RGN	0.0	0.0860302049622
LDA	0.0	0.0962292609351
LDG	0.00065477015746	0.151752423565
LDE	0.0	0.0100917431193
LDL	0.0	0.0348670756646
LDS	0.0	0.0692913385827
LDR	0.0	0.257525083612
LDP	0.0	0.138116591928
LDW	0.0	0.00502283105023
LDV	0.0	0.0112531969309
VGL	0.0	0.016049382716
VGM	0.0	0.0155104342922
VGN	0.0	0.18720657277
VGH	0.0	0.0344982078853
VGI	0.0	0.0818357487923
VGK	0.0	0.0177011494253
VGD	0.0	0.0479651162791
VGE	0.0	0.0316908992999
VGF	0.0	0.0570800351803
VGG	0.0	2.97150701993
VGA	0.0	2.94189824137
VGC	0.0	0.0340619307832
VG_	0.0	0.0793883792049
VGY	0.0	0.0471428571429
VGT	0.0	1.00095338983
VGV	0.0	0.0389856400855
VGW	0.0	0.0286878565607
VGP	0.0	0.0731338773043
VGQ	0.0	0.593205944798
VGR	0.0	0.0290851401375
VGS	0.0	4.86594615093
WWT	0.0	0.145711183496
WWW	0.0	0.00802083333333
WWV	0.0	0.00778958017198
WWQ	0.0	0.112962962963
WWP	0.0	0.225465838509
WWS	0.0	1.8340877915
WWR	0.0	0.0132850241546
QWG	0.0	0.341643454039
WW_	0.0	0.0
QWA	0.0	2.93696369637
WWE	0.0	0.0353413654618
WWD	0.0	0.01986863711
WWG	0.0	0.533195497358
WWA	0.0	2.13427160494
WWC	0.0	0.0109219858156
QWV	0.0	0.0653465346535
QWS	0.0	3.11236979167
QWR	0.0	0.0264741275572
FSA	0.00519440510074	0.994731182796
FSG	0.0843654575544	0.403646723647
PET	0.0	0.0158653846154
PEV	0.0	0.014876690533
PEW	0.0	0.00331825037707
PEP	0.0	0.0607843137255
PER	0.0	0.107128514056
PES	0.0	0.107715133531
PEL	0.0	0.0
FSR	0.0	0.0262574595055
FSS	0.468695167936	0.704512372635
ILR	0.0	0.0185654008439
SAE	0.0	0.0313787638669
FSV	0.0	0.149285714286
PEE	0.0	0.0616519174041
PEG	0.0	1.71288244767
PEA	0.0	0.122222222222
QCV	0.0	0.0173104434907
SAY	0.0	0.0
ASV	0.0	0.0341639581076
SA_	0.0	0.0691823899371
EFG	0.0	0.343119266055
D_G	0.00384986401603	0.00776836158192
WAM	0.0	0.00342679127726
WAL	0.0	0.00231335436383
WAK	0.0	0.0707602339181
WAG	3.72909149968e-05	0.360288432947
WAE	0.0	0.0695276114438
WAD	0.0	0.021568627451
WAC	0.0	0.021201814059
WAA	0.0	0.806222670703
WA_	0.0	0.0142118863049
QWL	0.0	0.0233333333333
VHS	0.0	0.814814814815
WAW	0.0	0.0175362318841
WAV	0.0	0.0240506329114
WAT	0.0	0.243071161049
WAS	0.0135467723934	0.56046852123
SAQ	0.0	0.0692913385827
WAQ	0.0	0.129322268326
WAP	0.0	0.0526315789474
SAW	0.0	0.0142695995488
QCA	0.0	0.855072463768
QCG	0.0	0.406666666667
MKG	0.0	0.0257113821138
GNS	0.000432867091728	0.031884057971
GNV	0.0	0.523961352657
GNW	0.0	0.106944444444
GNT	0.0	0.114835164835
AIV	0.0	0.0590511860175
AIS	0.00042454272458	1.9770519263
AIR	0.0	0.0286052009456
AIL	0.0	0.0
GNA	0.00187439618022	1.63619047619
MKR	0.0	0.00309423347398
GNE	0.0	0.0277477477477
AIG	0.0	1.40217755444
GNL	0.0	0.0299564270153
LCG	0.000514049775913	0.316599732262
NSA	0.0244415311437	6.0110619469
K_R	0.0	0.0208333333333
NSG	0.0	0.482030728123
NSR	0.0	0.0495807127883
NSS	0.0	0.638888888889
NSV	0.0	0.0186928104575
NSW	0.0	0.142487046632
IRP	0.0	0.0585289514867
IRR	0.0	0.00401826484018
IRS	0.0	0.176801266825
IRT	0.0	0.0233660130719
EAK	0.0	0.186372007366
IRV	0.0	0.00942367601246
IRW	0.0	0.00168195718654
_RM	0.0	0.0227138643068
IRL	0.0	0.00542406311637
WWL	0.0	0.000909842845327
IRA	0.0	0.148749154834
IRC	0.0	0.00514018691589
IRE	0.0	0.00702426564496
RKQ	0.0	0.00149659863946
SDT	0.0	0.127624309392
PWW	0.0	0.0236559139785
SDV	0.0	0.00844854070661
SDW	0.0	0.0393419170243
SDP	0.0	0.164485981308
PWS	0.0	1.46449704142
SDR	0.0	0.0818285065304
SDS	0.0	0.035396039604
SDE	0.0	0.0112244897959
SDG	0.000724391607474	0.0419168591224
SDA	0.0	0.0868640850418
PWA	0.0	2.11021806854
SDL	0.0	0.0146216768916
PWL	0.0	0.0128860489883
_RD	0.0	0.00984340044743
KQR	0.0	0.0
NAA	0.538502121649	1.99169909209
NAG	0.444447132994	0.382947232947
ILG	0.0	1.04276422764
EPV	0.0	0.0436507936508
EPR	0.0	0.136485580148
EPS	0.0	0.235614702155
_RC	0.0	0.0427777777778
NAR	0.0	0.0951476793249
NAS	0.0165571662586	2.02578268877
EPL	0.0	0.0391585760518
KQG	0.00030993637083	0.0170309653916
EPG	0.0	0.135487804878
EPE	0.0	0.0210914454277
EPA	0.0	4.28440999139
VV_	0.0	0.0329873125721
LYV	0.0	0.00115303983229
LYR	0.0	0.0208530805687
RKE	0.0	0.0931216931217
VVW	0.0	0.0235294117647
VVV	0.0	0.0151202749141
ILA	0.0	4.41106321839
VVS	0.0	2.67775147929
VVR	0.0	0.0145260915868
VVQ	0.0	0.335877862595
VVP	0.0	0.110953506698
L_S	0.0	0.02
VVM	0.0	0.0
LYG	0.00134558187005	1.4730994152
VVK	0.0	0.003081232493
LYA	0.0	3.19173228346
LYL	0.0	0.00148448043185
VVF	0.0	0.0113569321534
VVE	0.0	0.0330827067669
VVD	0.0	0.103476482618
VVC	0.0	0.00906593406593
VVA	0.0	0.974665360757
SVL	0.0	0.0122076892588
SVM	0.0	0.0348101265823
SVK	0.0	0.134146341463
SVH	0.0	0.00840978593272
YVS	0.0	1.30401002506
SVF	0.0	0.00960698689956
FSL	0.000225267568144	0.013153961136
SVD	0.0	0.0161172161172
SVE	0.0	0.026997716895
SVC	0.0	0.0149179157744
SVA	0.00168130165098	2.93896068928
SV_	0.0	0.0336734693878
YVG	0.00306614189974	0.775105485232
YVA	0.00507753098597	1.91847690387
EAP	0.0	0.102402402402
SVV	0.0	0.123406754772
SVW	0.0	0.0183333333333
SVT	0.0	0.285185185185
SVR	0.0	0.0526869158879
SVS	0.0	0.77352085354
SVP	0.0	0.628853046595
SVQ	0.0	0.254317548747
ILV	0.0	0.00292164674635
AST	0.0	0.749240780911
EQG	0.800399336055	1.26303813038
_RS	0.0	0.0671617161716
_RP	0.0	0.0110831234257
EAV	0.0	0.042996742671
LKL	0.0	0.00131421744325
VDR	0.0	0.0566176470588
VDW	0.0	0.0111594202899
VDV	0.0	0.00321637426901
LKG	0.00171549781254	0.0511627906977
FLS	0.0	0.651640759931
FLR	0.0	0.0173300165837
FLV	0.0	0.00641025641026
VDA	0.0	0.124060150376
EST	0.000394218244253	9.37052767053
VDE	0.0	0.0113989637306
FLL	0.0	0.0152777777778
VDG	0.000720797400225	0.276447368421
LKV	0.0	0.0249190938511
LKW	0.0	0.00975177304965
LKR	0.0	0.00474649406688
LKS	0.0	0.0882716049383
LKP	0.0	0.00945017182131
ESR	0.0	0.213811922754
QVL	0.0	0.0180116959064
WVY	0.0	0.00189003436426
WV_	0.0	0.109845288326
WVR	0.0	0.0149279050042
WVS	0.0	0.836932938856
WVP	0.0	0.154715447154
QVG	0.0100903942519	0.676176470588
WVV	0.0	0.0138201806046
WVW	0.0	0.00441767068273
WVT	0.0	0.0482456140351
WVK	0.0	0.0151202749141
WVL	0.0	0.00179153094463
WVM	0.0	0.0602254428341
QVT	0.0	0.309430894309
WVC	0.0	0.00555555555556
QVV	0.0	0.116830065359
WVA	9.7682396806e-05	1.07830374753
QVP	0.0	0.609935897436
WVG	0.0	0.47612745098
WVD	0.0	0.0251298026999
WVE	0.0	0.0361842105263
TRI	0.0	0.0775330396476
TRH	0.0	0.0301960784314
TRK	0.0	0.008071278826
TRM	0.0	0.0155266015201
TRL	0.0	0.0203703703704
TRN	0.0	0.00364842454395
TRA	0.0	0.00917361637604
TRC	0.0	0.0121412803532
TRE	0.0	0.314577530176
TRD	0.0	0.164191802011
TRG	0.0	0.0152026235652
TRF	0.0	0.0211851851852
TRY	0.0	0.0311320754717
TR_	0.0	0.0397849462366
SAK	0.0	0.0506172839506
TRQ	0.0	0.0
TRP	0.0	0.314285714286
TRS	0.0	0.0745504840941
TRR	0.0	0.0139105058366
TRT	0.0	0.135507246377
TRW	0.0	0.032554517134
TRV	0.0	0.0376436781609
HTG	0.000250866155433	0.250945626478
KCG	0.0	0.173684210526
ESE	0.0	0.0576923076923
KLW	0.0	0.00337941628264
HTR	0.0	0.0450980392157
KCR	0.0	0.00561941251596
SFA	0.0	3.08481338481
KLR	0.0	0.00354609929078
KSV	0.0	0.0355175688509
GM_	0.0	0.0433691756272
GVP	0.0	0.553107344633
RRN	0.0	0.00212765957447
RRM	0.0	0.00540706605223
RRL	0.0	0.00648305565001
RRK	0.0	0.00873786407767
RRI	0.0	0.0046875
RRH	0.0	0.0027989821883
RRG	0.0	0.00492014889529
RRF	0.0	0.0126436781609
RRE	0.0	0.0212581634013
KSR	0.0	0.0107357357357
RRC	0.0	0.00938903863432
RRA	0.0	0.00825128926395
RR_	0.0	0.0222515391381
RRY	0.0	0.00483162518302
RRW	0.0	0.00371380340216
RRV	0.0	0.00267184843333
RRT	0.0	0.0112330437433
RRS	0.0	0.00791982876046
RRR	0.0	0.00285513175839
RRQ	0.0	0.000559796437659
RRP	0.0	0.00471963308182
RDT	0.0	0.109375
RDW	0.0	0.0170146945089
RDV	0.0	0.0437810945274
RDQ	0.0	0.00586666666667
RDP	0.0	0.13630017452
ELL	0.0	0.0170542635659
RDR	0.0	0.0439633638634
_YG	0.0	0.0302405498282
ELC	0.0	0.0223350253807
RD_	0.0	0.00506912442396
ELA	0.0	2.96544074723
ELG	0.00172566262767	10.1174345848
ELE	0.0	0.0337719298246
RDE	0.0	0.0389873417722
RDD	0.0	0.0782608695652
RDG	0.0	0.0666278392545
YGD	0.0	0.0211169284468
RDA	0.0	0.131736526946
RDC	0.0	0.00232067510549
RDM	0.000344940963721	0.00994832041344
RDL	0.0	0.00654761904762
ELP	0.0	1.28271186441
ELV	0.0	0.407407407407
ELW	0.0	0.0161172161172
ELT	0.0	1.24695767196
KSE	0.0	0.112691131498
LEC	0.0	0.0116402116402
LED	0.0	0.0227272727273
LEE	0.0	0.065296803653
LEG	0.0	0.0329088336365
NKG	0.0	0.0
LEL	0.0	0.0121145374449
KSG	7.7733174923e-05	0.193429951691
LEP	0.0	0.0552208835341
LEQ	0.0	0.0202764976959
LER	0.0	0.0743565891473
LES	0.0	0.0348230912477
LET	0.0	0.0244444444444
LEV	0.0	0.0487816764133
LEW	0.0	0.00773966578716
KSA	0.00116190640411	0.150526315789
SAM	0.0	0.0178240740741
V_L	0.0	0.0423586040915
IQG	6.1886645474e-05	4.01627906977
SGY	0.0	0.260620915033
SG_	0.0	0.105457227139
VSA	7.71895862872e-05	3.54404761905
SGQ	0.0	0.463207955037
SGP	0.0	0.414235831319
SGS	0.0	3.55788309637
SGR	0.0	0.0691270960664
SGT	0.0	1.78085373509
SGW	0.0	0.0446627373936
SGV	0.0	0.0364016736402
SGI	0.0	0.0257009345794
SGH	0.0	0.369605878424
SGK	0.0	0.120897832817
YGT	0.0	1.45402298851
SGM	0.0	0.0490860215054
SGL	0.0	0.0157000903342
SGN	0.0	0.21222826087
SGA	0.0	7.72086918156
YGS	0.000119979465642	8.63325791855
SGC	0.0	0.0410087719298
SGE	0.0	0.0439121756487
SGD	0.0	0.0318476190476
SGG	0.0	1.50398628595
SGF	0.0	0.285362318841
FPG	0.0	4.46651917404
CNR	0.0	0.00178861788618
SAC	0.0	0.00844854070661
YGP	0.0	0.133023255814
ICG	0.0	0.235714285714
CNG	0.000145238300514	0.0830188679245
ICR	0.0	0.0115789473684
ESV	0.000155466349846	0.0337545126354
PFG	0.0	3.09704797048
NLV	0.0	0.155660377358
RFA	0.0	1.81189083821
SIS	0.0	1.05571658615
SIR	0.0	0.00471596998928
SIV	0.0	0.195776772247
SIA	0.035158427117	0.940579710145
SIG	0.0	1.23533619456
GED	0.0	0.00816831683168
TAT	0.0	0.117537746806
NLA	0.0	0.294298245614
TAV	0.0	0.0195639701664
TAW	0.0	0.00115667718191
TAP	0.0	0.0790849673203
TAR	0.0	0.0313427010148
TAS	0.0	0.516401062417
TA_	0.0	0.0572916666667
WAR	0.0	0.0267884322679
TAD	0.0	0.0549019607843
TAE	0.0	0.0483033932136
TAG	0.00235398726927	0.270356970574
TAA	0.0	1.38650681711
TAC	0.0	0.00301783264746
TAL	0.0	0.0077519379845
TAK	0.0	0.0252204585538
GIW	0.0	0.00807635829662
GIV	0.0	0.131024930748
GIS	0.0	1.23057553957
GIR	0.0	0.00847338935574
GIG	0.0	0.563170498084
CDG	0.0	0.0413617886179
GIA	0.0252002153118	1.63742478941
CPG	0.0	0.023746031746
SAF	0.0	0.0327659574468
AHA	0.0	0.493483709273
AHG	0.0383429113357	0.385031663788
NPG	0.0	1.20148809524
AHL	0.0	0.00833333333333
AHR	0.0	0.0216322517207
AHS	0.0	0.951476793249
AHV	0.0	0.0715076071923
QG_	0.0	0.0657698056801
TSL	0.0	0.0165
QGW	0.0	0.0323183760684
QGV	0.0	0.0252743484225
TSE	0.0	0.00696202531646
QGS	0.0	3.69952380952
TSC	0.0	0.0502283105023
QGQ	0.0	0.374613003096
TSA	0.0220762216781	1.78579040853
QGM	0.0	0.0421276595745
QGL	0.0	0.0406264609631
QGK	0.0	0.021718931475
QGH	0.0	0.0511627906977
TSV	0.0	0.0370309050773
TSW	0.0	0.0239651416122
QGE	0.0	0.0197068403909
QGD	0.0	0.0641666666667
QGC	0.0	0.0172955974843
TSS	0.0	0.66121463078
QGA	0.0	5.22149362477
GCD	0.0	0.0867684478372
WLC	0.0	0.00390070921986
PLE	0.0	0.0214783821478
KPR	0.0	0.018410041841
CDR	0.0	0.0106280193237
KPV	0.0	0.0128093158661
AFA	0.0	2.74421052632
KPA	0.0	0.376273653566
HCG	0.0	0.140787623066
KPG	0.0	0.512053200333
GCQ	0.0	0.121608040201
PLL	0.0	0.0077807250221
GCP	0.0	0.0584249084249
VWT	0.0	0.181923076923
VWV	0.0	0.0083081570997
VWW	0.0	0.00850515463918
VWP	0.0	0.572274143302
VWQ	0.0	0.0429078014184
VWR	0.0	0.00787426081544
VWS	0.0	1.56975088968
VWL	0.0	0.0101149425287
VWK	0.0	0.041156462585
VWD	0.0	0.0344729344729
VWE	0.0	0.00470085470085
VWG	0.0	0.111604025467
VWA	0.0	1.40538812785
VWC	0.0	0.0163292847503
GNR	0.0	0.214424951267
REY	0.0	0.0379310344828
RE_	0.0	0.0121546961326
EKG	0.00364326698737	0.229438943894
RES	0.0	0.0336766809728
REP	0.0	0.109945839488
REQ	0.0	0.0228110599078
REV	0.0	0.0254207485556
REW	0.0	0.0171592775041
RET	0.0	0.0714161220044
REK	0.0	0.0192475940507
REH	0.0	0.0217283950617
REI	0.0	0.0109686609687
REN	0.0	0.0192063492063
REL	0.0	0.0126300681737
REM	0.0	0.0140639269406
REC	0.0	0.0309327846365
REA	0.0	0.0343623667769
REF	0.0	0.00944206008584
REG	0.0	0.0241078954763
RED	0.0	0.0117804551539
REE	0.0	0.0344729344729
LFG	5.80953202055e-05	0.538135003479
LFA	0.0	2.60094850949
LFL	0.0	0.00191972076789
LFV	0.0	0.0213001383126
GC_	0.0	0.0798679867987
LFS	0.0	2.0378559464
LFR	0.0	0.00430107526882
VEV	0.0	0.0263130525221
LTR	0.000310932699692	0.0455306032585
VET	0.0	0.0591397849462
LTP	0.0	0.255248618785
VER	0.0	0.0425561312608
VES	0.0	0.0290018832392
VEP	0.0	0.169230769231
VEQ	0.0	0.0994680851064
VE_	0.0	0.00392156862745
LTC	0.0	0.0375609756098
VEG	0.0	0.0608272506083
LTA	0.0603007906949	2.03081457663
VEE	0.0	0.0478768577495
LTG	0.176576290895	0.880136561142
VEC	0.0	0.0512544802867
LTE	0.000501732310867	0.0228327228327
VEA	0.0	0.0564559697461
FMG	0.0141514241526	2.71435185185
VEL	0.0	0.0159420289855
VEM	0.0	0.0101289134438
LTL	0.0	0.00723004694836
WQW	0.0	0.0125203252033
WQV	0.0	0.0239583333333
WQS	0.0	1.19166666667
WQR	0.0	0.0483583750696
WQP	0.0	0.005
WQL	0.0	0.0169230769231
WQG	0.0213112631482	0.724210110585
WQE	0.0	0.0125954198473
WQA	0.0	1.08739255014
GNG	0.171242618613	0.368520859671
SSV	0.0	0.0457425742574
CAS	0.000169817089832	0.115835312747
CAR	0.0	0.00217606330366
RHV	0.0	0.011301369863
CAW	0.0	0.0060706401766
FQG	0.000663160642141	0.576470588235
CAT	0.0	0.0598639455782
CAL	0.0	0.0117248062016
CAC	0.0	0.0278985507246
CAA	0.0	0.102609262883
CAG	0.0	0.0744892002335
CAE	0.0	0.00246085011186
PGF	0.0	0.0446700507614
PGG	0.0	1.2069664903
PGD	0.0	0.0446627373936
PGE	0.0	0.0560784313725
PGC	0.0	0.0115646258503
PGA	0.0	0.247890178736
PGN	0.0	0.0355987055016
PGL	0.0	0.0301729278473
PGM	0.0	0.0125816993464
PGK	0.0	0.0609679937549
PGH	0.0	0.0201465201465
PGI	0.0	0.00660660660661
PGV	0.0	0.0207501109632
PGW	0.0	0.0328070175439
PGT	0.0	0.229531388152
PGR	0.0	0.0462241997281
PGS	0.0	2.13912375096
PGP	0.0	0.0901789429879
PGQ	0.0	0.0390396659708
PG_	0.0	0.0087929656275
PGY	0.0	0.0679536679537
C_A	0.0	0.0347368421053
WCP	0.0	0.0060773480663
WCS	0.0	0.212773722628
WCR	0.0	0.0151766004415
C_G	0.0	0.056862745098
WCV	0.0	0.0103684661525
WCA	0.0	0.131887755102
C_R	0.0	0.0598639455782
WCE	0.0	0.0209523809524
WCG	0.0	0.14595034595
C_V	0.0	0.0921568627451
WCL	0.0	0.0235609103079
RSL	0.0	0.0177289377289
RSM	0.0	0.0166666666667
RSN	0.0	0.0975177304965
RSH	0.0	0.0130952380952
RSI	0.0	0.0131343283582
RSK	0.0	0.0129107981221
RSD	0.0	0.0194150277358
RSE	0.0	0.0245340666056
RSF	0.0	0.0429609445958
RSG	1.75208108557e-05	0.0894871794872
RSA	0.000137119389305	0.134930522281
RSC	0.0	0.0168145956607
RS_	0.0	0.0833333333333
RSY	0.0	0.0537154989384
RST	0.0	0.082006245121
RSV	0.0	0.0238515251746
RSW	0.0	0.0125910509886
RSP	0.0	0.0577394636015
RSQ	0.0	0.131944444444
RSR	0.0	0.00660431820806
LHR	0.0	0.0104303428155
GHV	0.0	0.937519747235
GHW	0.0	0.00856031128405
GHP	0.0	0.854368932039
GHR	0.0	0.0436633189861
GHS	0.0	0.22635009311
RHL	0.0	0.0342105263158
DKG	0.00175244125159	0.155396825397
GHG	0.00207964407113	0.0379695431472
GCE	0.0	0.0309462915601
GHA	0.0	0.153113553114
GHL	0.0	0.00746124031008
GAP	0.0	0.398609406953
GAN	0.0	0.569896640827
NQG	0.00288382766257	0.223104056437
GAK	0.0	0.155310006139
AYG	0.0	2.26185636856
AYA	0.0	6.43988355167
_QG	0.00120015484925	0.0838095238095
AYV	0.0	0.0923357664234
AYS	0.0	4.15743589744
AYR	0.0	0.0609080841639
YKG	0.0	0.0396825396825
IPG	0.0	8.66694796062
PDR	0.0	0.116824395373
SFV	0.0	0.0206572769953
PYR	0.0	0.00162241887906
SFR	0.0	0.0129273504274
SFS	0.0	3.72827868852
K_G	0.0	0.0774973711882
LAE	0.0	0.0101851851852
SFG	0.0	1.25420560748
PYG	0.0	1.57180406213
NGE	0.0	0.0808398950131
KSW	0.0	0.0324031007752
NGG	0.0	0.718937644342
NGA	0.0	7.74488606253
KSS	0.0	0.134022988506
NGC	0.0	0.0597285067873
NGL	0.0	0.0540257648953
NGT	0.0	3.27824858757
NGV	0.0	0.0191860465116
NGW	0.0	0.0463991769547
NGP	0.0	0.155013550136
NGR	0.0	0.114160070361
NGS	0.0	3.74064327485
KSL	0.0	0.00275689223058
VSE	0.0	0.0201125175809
SVY	0.0	0.0181069958848
LA_	0.0	0.0604244694132
ECG	0.0	0.279283489097
SHR	0.0	0.0553656220323
SHS	0.0	0.31870604782
SHV	0.0	0.0377450980392
RMS	0.0	0.142518248175
SHA	0.0	0.209722222222
SHG	0.0085994584444	0.123404255319
YTG	0.00124311435691	0.868421052632
SHL	0.0	0.021568627451
_PA	0.0	0.0781420765027
MGC	0.0	0.0139492753623
MGA	0.0	5.52425044092
MGG	0.0	1.15528859431
RMT	0.0	0.0314928425358
MGE	0.0	0.0341534856473
MGD	0.0	0.0429208472687
MGK	0.0	0.0751157407407
MGI	0.0	0.0155202821869
MGM	0.0	0.0478978978979
MGL	0.0	0.0138969873664
MGS	0.0	4.38914628915
MGR	0.0	0.0596149822139
MGQ	0.0	0.498717948718
MGP	0.0	0.21402349486
MGW	0.0	0.0482799525504
MGV	0.0	0.0198843094722
MGT	0.0	1.27929515419
MG_	0.0	0.0139240506329
KRT	0.0	0.00514981273408
LNV	0.0	0.0291215403129
QTV	0.0	0.0712550607287
QTR	0.0	0.0488888888889
QTS	0.0	0.106701940035
ECV	0.0	0.00790229885057
WPT	0.0	0.222018348624
WPV	0.0	0.0604568165596
WPW	0.0	0.032925170068
WPP	0.0	0.0426724137931
WPR	0.0	0.043698630137
WPS	0.0	1.64281984334
WPL	0.0	0.00234291799787
QTG	0.0	0.573378076063
YVV	0.0	0.0121121121121
QTA	0.0	1.78521870287
WPE	0.0	0.0201125175809
IRG	0.0	0.633524355301
WPA	0.0	2.34428399519
ECR	0.0	0.0529113924051
VTA	0.0	0.737121212121
TLR	0.0	0.0378551420568
GTC	0.0	0.00973451327434
TLW	0.0	0.00238870792617
TLV	0.0	0.0477022653722
VTG	0.0	2.19447236181
GTG	0.00199184772606	0.488679245283
RME	0.0	0.0541666666667
GTL	0.0	0.00399636693915
PWT	0.0	0.169357249626
TLC	0.0	0.0177133655395
GTQ	0.0	0.024
TLA	0.0	0.366666666667
VTR	0.0	0.0173893405601
TLG	0.0	5.23625730994
VTT	0.0	0.350410509031
TLE	0.0	0.0694444444444
VTV	0.0	0.0173282923756
PWR	0.0	0.0308366184845
TLL	0.0	0.0266990291262
WPG	0.0	4.6412979351
PWP	0.0	0.325925925926
KEG	0.0	0.0236559139785
ARW	0.0	0.0134527872582
KEA	0.0	0.0368139223561
RAV	0.0	0.0147173068623
KEV	0.0	0.0123397435897
HVS	0.0	1.76431372549
HVR	0.0	0.0161764705882
KES	0.0	0.128243021346
KER	0.0	0.0211723534558
HVV	0.0	0.022619047619
TLS	0.0125834463565	2.01089588378
GTA	0.078662399083	1.36140804598
TLP	0.0	0.871026722925
GTD	0.0	0.00552208835341
GTE	0.0	0.0210230466554
RPQ	0.0	0.0441605839416
RPP	0.0	0.0372210223182
RPS	0.0	0.379900920028
RPR	0.0	0.00587389607722
RPT	0.0	0.116605392157
RPW	0.0	0.0171961674231
PWG	0.0	4.62328646749
RPY	0.0	0.0144499178982
TLT	0.0	0.184170471842
RP_	0.0	0.172108843537
CMR	0.0	0.0037037037037
RPA	0.0	0.598769153479
RPC	0.0	0.00940170940171
PWE	0.0	0.0748
RPE	0.0	0.0276828110161
RPD	0.0	0.0405405405405
RPG	0.00082475856372	0.591860465116
RPH	0.0	0.0287958115183
RPK	0.0	0.0
RPM	0.0	0.00814814814815
RPL	0.0	0.00268817204301
GTK	0.0	0.00458333333333
GTM	0.0	0.101851851852
GTP	0.0	0.314703925482
LGH	0.0	0.41685062546
LGI	0.0	0.0179738562092
LGN	0.0	0.0974529346622
LGL	0.0	0.0226128722382
LGM	0.0	0.0203703703704
LGC	0.0	0.0189726284214
LGA	0.0	6.24883809524
LGF	0.0	0.0864779874214
LGG	0.000647709493985	0.666035232941
LGD	0.0	0.028137490008
LGE	0.0	0.0366417403127
GTS	0.00264454738853	0.171111111111
LG_	0.0	0.0223188405797
LGR	0.0	0.0349974133471
GTT	0.0157209457405	0.259915611814
LGP	0.0	0.104984423676
LGQ	0.0	1.08873370577
LGV	0.0	0.0404953145917
LGW	0.0	0.036161469664
LGT	0.0	0.827075471698
GSQ	0.0	0.604693715195
WSW	0.0	0.0118279569892
VTW	0.0	0.00553459119497
VYS	0.0	1.67487437186
TLD	0.0	0.016029143898
LTS	0.0218679554359	0.533333333333
GCT	0.0	0.451910828025
IWG	0.0	0.124930747922
IWR	0.0	0.0180555555556
GT_	0.0	0.0411382113821
GFG	0.0	0.322205588822
FVL	0.0	0.0
FVG	0.0	2.61983333333
IAG	0.00136150620043	1.31515151515
IAA	0.0	4.15443425076
FVA	0.0135093296836	4.25927230047
M_R	0.0	0.00733333333333
FVV	0.0	0.00378006872852
IAV	0.0	0.0166666666667
FVS	0.0	0.948783454988
FVR	0.0	0.0728252501925
IAS	0.0	2.82028985507
HVL	0.0	0.012324929972
PHG	0.0	2.63606729758
HVA	0.0	0.810693641618
NAV	0.0	0.037519379845
GSD	0.0	0.0595667870036
SKT	0.0	0.0582554517134
SKW	0.0	0.00162962962963
SKV	0.0	0.056477093207
SKP	0.0	0.232110091743
SKS	0.0	0.129674796748
SKR	0.0	0.00173775671406
SKE	0.0	0.149499284692
SKG	0.00085774890627	0.0166851646319
SKA	0.0	0.00464135021097
HVG	0.00136272973322	0.485427728614
SKL	0.0	0.00111788617886
PKR	0.0	0.00602739726027
GES	0.0	0.0170708050436
GER	0.0	0.0595564253098
GEQ	0.0	0.0209523809524
GEP	0.0	0.0575757575758
GEW	0.0	0.0349454717876
GEV	0.0	0.0641744548287
LTV	0.000124023717293	0.017615658363
GET	0.0	0.0617612293144
TCV	0.0	0.0
TCR	0.0	0.01031543052
TCS	0.0	0.182503770739
GEC	0.0	0.0344287949922
WGM	0.0	0.0634473507713
GEA	9.12240565213e-05	0.0381789497408
GEG	0.00056804563329	0.0440568475452
GEE	0.0	0.0319709355132
WGL	0.0	0.0247443762781
GEK	0.0	0.0217915590009
TCG	0.0	0.199793601651
GEI	0.0	0.00388007054674
GEH	0.0	0.0273202614379
GEM	0.0	0.0071661237785
TCA	0.0	0.77315855181
CCG	0.0	0.487104622871
GK_	0.0	0.0230366492147
GKQ	0.0	0.00195035460993
WGI	0.0	0.00539215686275
GKS	0.0	0.0609929078014
GKR	0.0	0.00308411214953
GKT	0.0	0.030752688172
GKW	0.0	0.0131287297528
GKV	0.0	0.0176706827309
GKM	0.0	0.0155202821869
GKL	0.0	0.0375683060109
ASA	0.0980333911809	2.23781925344
GKA	0.0	0.0154793315743
GKC	0.0	0.0136363636364
DDG	0.000122974753587	0.278210116732
GKD	0.0	0.242071197411
GKG	0.00091249883646	0.0247778466625
LEA	0.0	0.0569050832209
NVV	0.0	0.663176895307
LTT	0.0	0.305809128631
ANG	0.0172141966657	1.96485507246
NVS	0.0	1.9037845706
NVR	0.0	0.0137622877569
LYS	0.0	1.99047619048
WGW	0.0	0.0464831804281
NVG	0.00321944899473	1.45904221802
ANV	0.0	0.0445482866044
WGV	0.0	0.0337983723634
NVA	0.00735874055938	3.77544444444
GWE	0.0	0.0858858858859
GWD	0.0	0.0685358255452
GWG	0.0	0.262126339538
VVT	0.0	0.171929824561
GWA	0.0	2.52119422572
IGA	0.0	1.71260162602
TMV	0.0	0.037037037037
GWM	0.0	0.562662662663
GWL	0.0	0.0425835370823
WGR	0.0	0.0391279403328
GWI	0.0	0.0243197278912
GWH	0.0	0.6875
GWK	0.0	0.0080967402734
GWT	0.0	0.521241830065
GWW	0.0	0.178008298755
GWV	0.0	0.411502875719
GWQ	0.0	0.462074829932
GWP	0.0	1.26666666667
GWS	0.0	0.771149309066
TMG	0.0103482289116	2.0602310231
GW_	0.0	0.0172043010753
GWY	0.0	0.524056603774
QEA	0.0	0.24891598916
KGP	0.0	0.0157894736842
TVM	0.0	0.00199275362319
QEG	0.00902738532218	0.0369791666667
HWG	0.0	0.133701657459
KDG	0.0	0.1087276551
QEL	0.0	0.0448979591837
HWA	0.0	1.25118483412
QES	0.0	0.0547511312217
VVL	0.0	0.0138767588549
QEV	0.0	0.0411324786325
_HG	0.0	0.0257009345794
HWR	0.0	0.00448979591837
KDR	0.0	0.0694174757282
KR_	0.0	0.00675883256528
HER	0.0	0.060374832664
KRR	0.0	0.00124083474337
KRS	0.0	0.00346456692913
KRP	0.0	0.0
KRQ	0.0	0.00452674897119
KRV	0.0	0.0167822468793
KRW	0.0	0.0103494623656
NDG	0.0	0.139768976898
VVG	1.20240858814e-05	3.31386762719
HEG	0.00194942933244	0.0500464252553
KRL	0.0	0.00232067510549
KRM	0.0	0.00396396396396
KRC	0.0	0.0371120107962
KRA	0.0	0.00321285140562
KRG	0.0	0.00475653318293
KRD	0.0	0.108051529791
KRE	0.0	0.052380952381
ASC	0.0	0.0430167597765
WSA	0.0170863907509	1.23297188755
WSC	0.0	0.0068407960199
RC_	0.0	0.00155367231638
WSE	0.0	0.0253968253968
WSD	0.0	0.0287313432836
WSG	0.0153220259136	0.375411351451
WSF	0.0	0.041847826087
RCT	0.0	0.0189655172414
WSK	0.0	0.0205607476636
RCW	0.0	0.00816831683168
WSM	0.0	0.0111111111111
WSL	0.0	0.0159935379645
RCR	0.0	0.00273446327684
RCS	0.0	0.0594040968343
WSQ	0.0	0.100732600733
WSP	0.0	0.0290429042904
WSS	0.13443852945	1.36843198339
WSR	0.0	0.0207664130741
RCH	0.0	0.00190972222222
RCI	0.0	0.00921273031826
EIG	0.000408818919966	3.26507936508
WSV	0.0	0.0738910012674
RCD	0.0	0.017571884984
RCE	0.0	0.0037037037037
RCG	0.0	0.0482943246137
RCA	0.0	0.0749418411432
RCC	0.0	0.0642184557439
YVR	0.0	0.0452560873216
FAR	0.0	0.0322344322344
FAS	0.110056458072	0.939689922481
SVI	0.0	0.00570687418936
FAV	0.0	0.0545846817691
FAL	0.0	0.0100732600733
SVG	0.031362324663	1.00530446892
FAA	0.0137976385488	1.58345679012
FAG	0.111660037876	0.772830640335
LVT	0.0	0.0994894237783
LVW	0.0	0.0224242424242
LVV	0.0	0.0310373443983
LVQ	0.0	0.0345911949686
LVP	0.0	0.304605641911
LVS	5.28139274597e-05	0.831767337808
LVR	0.0	0.0335877862595
YVL	0.0	0.00786838340486
LV_	0.0	0.0272445820433
VKS	0.0	0.314459161148
LVY	0.0	0.00470085470085
VKV	0.0	0.0236559139785
LVE	0.0	0.0308705612829
LVD	0.0	0.0292553191489
LVG	0.000466298417064	1.26875
LVF	0.0	0.00120218579235
VKL	0.0	0.0
LVC	0.0	0.0116544417278
LVM	0.0	0.00775427995972
VKA	0.0	0.248136958711
LVI	0.0	0.0114583333333
LVH	0.0	0.013037037037
LVK	0.0	0.0233215547703
VKG	0.0010857581092	0.631223628692
T_A	0.0	0.163149847095
T_G	0.0	0.058726899384
ASG	0.0143495440908	1.61436572813
T_R	0.0	0.0355987055016
T_S	0.0	0.0148900169205
T_V	0.0	0.0148900169205
PKG	0.0	0.39588313413
GYA	0.000450535136289	0.289322916667
DLA	0.0	2.86766169154
FWG	0.0	0.351700680272
FWA	0.0	2.15263157895
CCR	0.0	0.0708588957055
CCL	0.0	0.00200364298725
FWV	0.0	0.00949913644214
CCA	0.0	0.154468085106
FWR	0.0	0.02578125
VKR	0.0	0.00588235294118
PIG	0.0	1.69411027569
ASE	0.0	0.0178687459389
AKR	0.0	0.0228733459357
PIR	0.0	0.0117021276596
MYG	0.0	4.34058641975
AKP	0.0	0.481699346405
WMS	0.0	0.539814814815
WMR	0.0	0.0629543696829
CQA	0.0	0.0754032258065
CQG	7.4408927024e-05	0.0116525423729
WMV	0.0	0.0151515151515
GLE	0.0	0.0390637610977
WML	0.0	0.00837138508371
CQR	0.0	0.0132776230269
WMA	0.0	0.485462097612
AKT	0.0	0.0310405643739
WMG	0.0	1.98156028369
CQV	0.0	0.00156028368794
RQV	0.0	0.0305909617613
RQW	0.0	0.0442998760843
RQT	0.0	0.111594202899
RQR	0.0	0.00264134468457
RQS	0.0	0.0897435897436
RQP	0.0	0.0112531969309
RQQ	0.0	0.174406991261
RQ_	0.0	0.00341085271318
KVA	0.000324650318796	0.41421446384
RQY	0.0	0.0584249084249
RQG	6.19536949273e-05	0.0305975852056
RQD	0.0	0.0105095541401
RQE	0.0	0.0284860557769
RQC	0.0	0.0366666666667
RQA	0.0	0.0307407407407
RQL	0.0	0.00625711035267
RQM	0.0	0.0510928961749
RQK	0.0	0.00817843866171
MWS	0.0	8.25728848114
MWR	0.0	0.0156695156695
MWV	0.0	0.0272522522523
DER	0.0	0.0340557275542
AKL	0.0	0.0106944444444
DEV	0.0	0.0374814814815
MWA	0.0	3.73833805477
DEL	0.0	0.00996376811594
DEA	0.0	0.0939831528279
GLR	0.0	0.0442583046964
DEG	0.000636379686687	0.0185113268608
NWV	0.0	0.0832605531295
AML	0.0	0.0174050632911
NWR	0.0	0.0274376417234
AMA	0.0	0.338738738739
AKG	0.0	0.0305555555556
AME	0.0	0.0429078014184
AMG	0.0	1.35630630631
NWG	0.0	0.362896315338
AMP	0.0	4.84934640523
AMS	0.0275952770977	0.867734282325
AMR	0.0	0.0493457943925
AMW	0.0	0.0173684210526
AMV	0.0	0.131031031031
A_W	0.0	0.00986547085202
A_V	0.0	0.0330827067669
A_S	0.0	0.0181818181818
A_R	0.0	0.0152289669862
A_P	0.0	0.00945017182131
A_G	0.0	0.0404597701149
A_E	0.0	0.0113256113256
A_A	0.0	0.0510309278351
A_L	0.0	0.0408921933086
IVG	0.0	5.47009456265
IVA	0.0	0.584793187348
IVL	0.0	0.00909090909091
SQG	0.00101002389389	0.214652014652
IVV	0.0	0.00903755868545
IVR	0.0	0.0130619168787
IVS	0.0	4.97124463519
ACA	0.0	0.759578947368
ACG	0.0	0.391720529394
ACE	0.0	0.0224776500639
NEG	0.0	0.0274143302181
VDS	0.0	0.0405852417303
ACL	0.0	0.00794633642931
ACS	0.0	0.176900584795
ACR	0.0	0.0372471416007
ACW	0.0	0.00233545647558
ACV	0.0	0.0254519161244
ACT	0.0	0.0499351491569
CWC	0.0	0.0120879120879
RPV	0.0	0.0163929440389
EEW	0.0	0.0365145228216
EEV	0.0	0.0217656012177
LGK	0.0	0.0393049437102
GGM	0.0	0.0629758791049
GGL	0.0	0.0397827790841
LKA	0.0	0.0234597156398
KGE	0.0	0.0220314735336
GDP	0.0	0.688065843621
GDQ	0.0	0.0315789473684
MEG	0.0	0.0324894514768
GDS	0.0	0.0503389830508
MEA	0.0	0.0860256410256
GDV	0.0	0.0412429378531
GDW	0.0	0.018851756641
MEL	0.0	0.00995475113122
CHG	0.0	0.0108298171589
GDA	0.0	0.0599493029151
MEV	0.0	0.0398252184769
GDD	0.0	0.00771929824561
GDE	0.0	0.0853615520282
MES	0.0	0.00864779874214
MER	0.0	0.0356589147287
GDK	0.0	0.0291005291005
GDL	0.0	0.078781793842
KTG	0.0	0.036303630363
_KG	0.0	0.0876811594203
LWR	0.0	0.0438567941416
LWS	0.0	7.70937343358
LWP	0.0	2.17938856016
VHV	0.0	0.0352256186317
LWV	0.0	0.0144167758847
LWW	0.0	0.00323054331865
LWT	0.0	0.240229885057
VHR	0.0	0.12928064843
LWK	0.0	0.05960591133
GTR	0.0	0.00438658221909
_KR	0.0	0.0835924006908
LWL	0.0	0.00776014109347
LWM	0.0	0.0316666666667
LWC	0.0	0.00885057471264
VHG	0.0	0.433266799734
LWA	0.0	2.60407324365
VHA	0.0	2.5822997416
LWG	0.0	0.395315720442
LWD	0.0	0.0543209876543
LWE	0.0	0.0218253968254
QSR	0.0	0.0548286604361
VDL	0.0	0.0310256410256
LGY	0.0	0.135545023697
FLG	5.35830623255e-05	5.07613333333
GVK	0.0	0.114583333333
GVH	0.0	0.0310344827586
GVI	0.0	0.0360119047619
GVN	0.0	0.858998435055
GVL	0.0	0.01584
GVM	0.0	0.0315035799523
GVC	0.0	0.00993975903614
GVA	0.0143040687278	2.28154095702
GVF	0.0	0.0165165165165
GVG	0.00142616299336	0.542503669532
GVD	0.0	0.0841417910448
GVE	0.0	0.033676975945
TSR	0.0	0.0322593969434
GVY	0.0	0.0379719525351
GV_	0.0	0.0128787878788
LGS	0.000124959745348	5.38189015339
GVR	0.0	0.0169230769231
GVS	4.18110259056e-05	1.20083957341
MWL	0.0	0.00568475452196
GVQ	0.0	1.05254901961
GVV	0.0	0.309835438194
GVW	0.0	0.0135275080906
GVT	8.90170228957e-05	0.348466505246
KGQ	0.0	0.0259722222222
QDG	0.00259923910991	0.0218390804598
KGS	0.0	0.944252873563
KGR	0.0	0.00711718188354
KGT	0.0	0.220964912281
KGW	0.0	0.0181518151815
KGV	0.0	0.0135112240576
KG_	0.0	0.0508843537415
KGA	0.0	0.75625
KGC	0.0	0.0104761904762
QDR	0.0	0.0776683087028
KGD	0.0	0.169534050179
KGG	0.0	0.199418238994
QVE	0.0	0.0371512481645
KGK	0.0	0.00150273224044
KGM	0.0	0.00669710806697
KGL	0.0	0.0539404553415
WVQ	0.0	0.184765625
WL_	0.0	0.0108910891089
WLP	0.0	0.414008438819
CPA	0.0	0.019298245614
WLR	0.0	0.0115559341283
WLS	0.0	0.402501454334
WLT	0.0	0.0350935093509
CKG	0.0	0.00615507593925
WLV	0.0	0.00284237726098
WLW	0.0	0.0109181141439
WLL	0.0	0.00924924924925
PAT	0.0	0.132901833873
CPR	0.0	0.00232804232804
CPS	0.0	0.0224842767296
WLD	0.0	0.0557189542484
WLE	0.0	0.0214676034348
CPV	0.0	0.0253846153846
WLG	0.0	3.79694427801
_VR	0.0	0.0421383647799
YGE	0.0	0.0377229080933
_VP	0.0	0.0261904761905
NCG	0.0	0.730044843049
WRF	0.0	0.0297297297297
WRG	0.0	0.0522448015123
WRD	0.0	0.0302870533099
WRE	0.0	0.121192982456
EHR	0.0	0.121035598706
WRC	0.0	0.0413145539906
WRA	0.0	0.0134945671223
WRN	0.0	0.121761006289
WRL	0.0	0.0131287297528
WRM	0.0	0.0382686084142
WRK	0.0	0.00368139223561
WRH	0.0	0.0461368653422
WRI	0.0	0.0382239382239
WRV	0.0	0.00896081021576
WRW	0.0	0.0119272472893
WRT	0.0	0.0434269434269
WRR	0.0	0.00507672781816
WRS	0.0	0.0714035087719
WRP	0.0	0.0218572587186
WRQ	0.0	0.0133974358974
WR_	0.0	0.0335161486898
WRY	0.0	0.0516431924883
LAL	0.0	0.00643274853801
LAM	0.0	0.00133333333333
QVW	0.0	0.0
LAH	0.0	0.0317117117117
ALH	0.0	0.0127694859038
LAK	0.0	0.0675816993464
LAD	0.0	0.091124260355
WVF	0.0	0.00601092896175
LAF	0.0	0.0166666666667
LAG	0.230205004477	0.410232495269
LAA	0.000107166124651	1.88249359522
LAC	0.0	0.00486295313882
CKV	0.0	0.00374149659864
LAY	0.0	0.0899371069182
ALG	2.74579871618e-05	3.33282804358
LAT	0.000190312255846	0.216944444444
LAV	6.27165388584e-05	0.0348368522073
LAW	0.0	0.00847084708471
LAP	0.0	0.301224846894
LAQ	0.0	0.0436823104693
LAR	0.0	0.0288060363959
LAS	0.0329256468618	0.765662202381
YGG	0.0	1.83035955664
DTA	0.0	0.594070512821
CKR	0.0	0.00780141843972
DTG	0.000131154267014	0.094362745098
DTR	0.0	0.122681704261
VKE	0.0	0.0194003527337
YCR	0.0	0.0751666666667
IGW	0.0	0.0247311827957
IGV	0.0	0.0553819444444
IGT	0.0	0.854545454545
IGS	0.0	2.86036484245
IGR	0.0	0.0135301353014
IGP	0.0	0.392012288786
IGG	0.0	6.74329173167
IGE	0.0	0.024
IGC	0.0	0.00964912280702
FTG	0.00220762216781	0.229333333333
IGL	0.0	0.0342925659472
ALP	0.0	1.34815618221
AWV	0.0	0.0216535433071
YGC	0.0	0.0114583333333
SMW	0.0	0.00643274853801
SMV	0.0	0.0851363236588
SMS	0.00740914289198	0.738725490196
SMR	0.0	0.0228327228327
SML	0.0	0.0115384615385
SMG	0.0	2.02094017094
SME	0.0	0.0300287356322
SMA	0.000239958931284	0.350312989045
GGT	0.0	2.89954786405
GGW	0.0	0.36285384171
GGV	0.0	0.202487562189
GGQ	0.0	0.17883290267
GGP	0.0	1.24318623369
GGS	0.000538444431174	1.65567318132
GGR	0.0	0.187954815696
YCG	0.0	0.226432748538
GG_	0.0	0.0188748241913
GGY	0.0	0.968553459119
MDG	0.0	0.152777777778
QGR	0.0	0.0600718065004
GGE	0.0	0.0525601550918
GGD	0.0	0.0296915167095
GGG	6.3291919949e-06	0.219765661407
GGF	0.0	0.793023255814
GGA	0.0	2.54297786501
GGC	0.0	0.01899347231
MDR	0.0	0.213520749665
YGA	0.0	11.3704467354
GGN	0.0	0.471682847896
GGI	0.0	0.028035982009
GGH	0.0	1.29708333333
GGK	0.0	0.499888888889
MVP	0.0	0.231659693166
MVR	0.0	0.0451733333333
MVS	0.0	0.442246982358
MVT	0.0	0.0903381642512
MVV	0.0	0.0126436781609
MVW	0.0	0.0231092436975
MVA	0.000187086624391	2.47221095335
MVE	0.0	0.111594202899
MVG	0.0248589386964	1.30586692888
MVL	0.0	0.00451282051282
ALL	0.0	0.0134556574924
ALM	0.0	0.0191153238547
ALK	0.0	0.0385083713851
CWV	0.0	0.00112130479103
AWC	0.0	0.00367892976589
ALD	0.0	0.0751004016064
ALE	0.0	0.0424183006536
ALC	0.0	0.0126801152738
ALA	0.0	0.382978723404
AL_	0.0	0.004296875
ALV	0.0	0.097070819429
ALW	0.0	0.0112820512821
ALT	0.0	0.0931086142322
ALR	0.0	0.0709023941068
ALS	0.0028182410653	1.30569105691
NTG	0.0	0.739737991266
ALQ	0.0	0.593404004711
GQM	0.0	0.00331825037707
GQL	0.0	0.0184701492537
GQK	0.0	1.08491083676
GQG	0.00156459053218	0.138785046729
GQE	0.0	0.03347487615
GQD	0.0	0.0246913580247
GQC	0.0	0.0207087486157
GQA	0.0	0.57976559807
GQ_	0.0	0.0124822695035
_CA	0.0	0.00783475783476
GQW	0.0	0.0331861662987
GQV	0.0	1.80572016461
GQT	0.0	0.0776155717762
GQS	0.0	1.02155309033
GQR	0.0	0.142727495708
GQQ	0.0	1.10491071429
GQP	0.0	1.9483490566
WEE	0.0	0.0134556574924
QKG	0.0028591630209	0.0196868008949
VEW	0.0	0.0233610341644
LRW	0.0	0.018043350908
VPT	0.0	0.404234972678
HGV	0.0	0.0316599732262
HGW	0.0	0.0978464419476
HGT	0.0	3.07469879518
HGR	0.0	0.0571375186846
HGS	0.0	2.79369158879
HGP	0.0	0.152777777778
HGL	0.0	0.0258606213266
HGG	0.0	1.0285198556
HGD	0.0	0.0795597484277
HGE	0.0	0.0170807453416
HGC	0.0	0.0707920792079
VPP	0.0	0.0261904761905
S_S	0.0	0.0325925925926
S_R	0.0	0.016384180791
VPS	0.0	0.593137254902
S_W	0.0	0.0402046783626
S_V	0.0	0.073860911271
S_A	0.0	0.0270977675135
S_C	0.0	0.00591397849462
WEP	0.0	0.0631346578366
S_E	0.0	0.0109219858156
S_G	0.0	0.0326659993327
S_L	0.0	0.0393270241851
EGY	0.0	0.108583690987
EG_	0.0	0.0288998357964
EGS	0.0	0.501929969672
EGR	0.0	0.239623614334
EGQ	0.0	0.0346747149564
EGP	0.0	0.13197945845
EGW	0.0	0.0264381402679
EGV	0.0	0.0207786224372
_TV	0.0	0.164432989691
EGT	0.0	1.60654320988
EGK	0.0	0.0724603174603
EGI	0.0	0.0349206349206
EGH	0.0	0.0274596182085
EGM	0.0	0.0147849462366
QVR	0.0	0.0421207658321
EGC	0.0	0.0270491803279
_TA	0.0	0.0818770226537
EGA	0.0	0.892516227568
EGG	0.0	0.165897114178
EGF	0.0	0.124856321839
EGE	0.0	0.0431614349776
EGD	0.0	0.0364389233954
RAF	0.0	0.00618473895582
RAG	1.85203201998e-05	0.0604889272361
RAD	0.0	0.0317656765677
RAE	0.0	0.0215053763441
TSG	0.00102496743505	0.437272727273
RAA	0.0	0.105050134507
FGT	0.0	1.57596153846
FGV	0.0	0.0834151663939
RAM	0.0	0.00902167545401
FGP	0.0	0.15211062591
RAK	0.0	0.0106199186992
FGR	0.0	0.0296205630355
RAI	0.0	0.0132040627886
FGL	0.0	0.03530269876
RAW	0.0	0.0040293040293
RAT	0.0	0.0315264797508
RAR	0.0	0.0055329851035
RAS	0.0	0.0646716101695
RAP	0.0	0.0240905716407
RAQ	0.0	0.0450099800399
FGD	0.0	0.0392857142857
RA_	0.0	0.039905362776
DDR	0.0	0.134803921569
FGG	0.0	1.70321660182
FGA	0.000129860127519	6.20277777778
RAY	0.0	0.0177897574124
EYG	0.0	0.975445292621
LPW	0.0	0.037786259542
LPV	0.0	0.0267948717949
LPT	0.0	0.198470948012
WST	0.0	0.681209150327
LPR	0.0	0.0424621804903
LPP	0.0	0.122222222222
LPL	0.0	0.00899795501022
YMG	0.00297179907206	2.31321044547
VPL	0.0	0.0208926875594
LPG	0.00112793416738	4.7340537545
LPE	0.0	0.0472316384181
LPD	0.0	0.0799645390071
LPC	0.0	0.0172955974843
LPA	0.0	3.54789590255
VIG	0.0	2.84815864023
TYG	0.0	0.862121212121
VIR	0.0	0.0157315731573
VIV	0.0	0.0169230769231
TYR	0.0	0.0236559139785
YGV	0.0	0.0694240196078
CEG	0.0	0.0274750227066
PKV	0.0	0.0882075471698
CEA	0.0	0.0181729834791
CEL	0.0	0.00921273031826
CEV	0.0	0.00365448504983
PKA	0.0	0.145402298851
CES	0.0	0.0200280112045
CER	0.0	0.0120465434634
E_V	0.0	0.0212121212121
CSL	0.0	0.00298913043478
CSE	0.0	0.0126874279123
CSG	0.00042253640703	0.0452841781874
CSA	0.0	0.192276422764
CGK	0.0	0.00355987055016
CSC	0.0	0.00344287949922
IAR	0.0	0.0160416666667
WLQ	0.0	0.0972463768116
KTR	0.0	0.0101851851852
GIL	0.0	0.0562992125984
CST	0.0	0.132850241546
CSW	0.0	0.0
CSV	0.0	0.0101249178172
CSP	0.0	0.0123993558776
CSS	0.0	0.0249563699825
CSR	0.0	0.00505430242272
R_P	0.0	0.0933333333333
R_Q	0.0	0.043137254902
R_R	0.0	0.0809133169264
R_S	0.0	0.0235714285714
R_T	0.0	0.0309236947791
R_V	0.0	0.0629578754579
R_W	0.0	0.0407407407407
R_K	0.0	0.0137254901961
R_L	0.0	0.0310208685843
RLC	0.0	0.0155231143552
R_A	0.0	0.0675203252033
R_C	0.0	0.0144563918757
R_D	0.0	0.068407960199
R_E	0.0	0.064810330912
R_G	0.0	0.0305391366649
RRD	0.0	0.059165460685
ASS	0.00489318315547	1.05504087193
DGC	0.0	0.0237770193402
ASQ	0.0	0.204589371981
DGA	0.0	0.328571428571
ASW	0.0	0.0163522012579
DGG	0.0	0.0865127175368
DGD	0.0	0.047582697201
DGE	0.0	0.0490673154907
DGK	0.0	0.200145560408
ASY	0.0	0.0334935897436
DMG	0.0647076842471	10.6785024155
AS_	0.0	0.0162131519274
DGL	0.0	0.0196549599507
DGM	0.0	0.00594594594595
DGR	0.0	0.349838969404
DGS	0.0	0.23864216437
DGP	0.0	0.0633865248227
DGQ	0.0	0.0249645390071
DGV	0.0	0.0260642570281
DGW	0.0	0.0256900212314
DGT	0.0	0.643112513144
ASD	0.0	0.0696666666667
ASK	0.0	0.0352
HGA	0.0	2.83768115942
DG_	0.0	0.0858156028369
ASM	0.0	0.0271126760563
ASL	0.0	0.0210155857215
WGH	0.0	0.195266272189
CGS	0.0	0.106477438137
S_T	0.0	0.0197132616487
ITG	0.0	2.1887755102
TFG	0.0	0.418584070796
AAE	0.0	0.0205703599813
AAD	0.0	0.114583333333
AAG	0.10967263331	0.299966250422
AAF	0.0	0.012865497076
AAA	0.0104162454397	1.68026916607
AAC	0.0	0.0039941902687
AAM	0.0	0.0483796296296
AAL	0.0	0.0248508098892
AAI	0.0	0.0115183246073
AAK	0.0	0.0222577209798
AAT	0.0	0.138122977346
AAW	0.0	0.0235042735043
AAV	0.0	0.0216255868545
AAQ	0.0	0.222049689441
AAP	0.0	0.526908396947
AAS	0.00819496107749	1.26147511636
AAR	0.0	0.0619635193133
AA_	0.0	0.0491173416407
AAY	0.0	0.0244444444444
KWA	0.0	1.20673515982
RDS	0.0	0.0673935617861
KWG	0.0	0.671027568922
RLY	0.0	0.0030303030303
KWS	0.0	1.05628205128
KWR	0.0	0.00154385964912
KWW	0.0	0.00189003436426
KWV	0.0	0.0195928753181
SL_	0.0	0.00894308943089
SLY	0.0	0.063768115942
SLT	0.0	0.182887266829
SLV	0.0	0.0945467677862
SLW	0.0	0.00489821882952
SLP	0.0	1.62455146364
SLQ	0.0	0.319135802469
SLR	0.0	0.064535440613
SLS	0.0190351095082	0.994685423994
SLL	0.0	0.0148648648649
SLM	0.0	0.00682170542636
SLI	0.0	0.0114583333333
SLK	0.0	0.0998581560284
SLD	0.0	0.0570934256055
SLE	0.0	0.0626388888889
SLF	0.0	0.0861823361823
SLG	0.000411508518123	2.80034263338
SLA	0.000108216772932	0.392075337598
SLC	0.0	0.0461868037704
MCG	0.0	0.269983416252
GFS	0.0	0.717948717949
MFG	0.0	1.24468468468
GFV	0.0	0.954373522459
GFW	0.0	0.0274509803922
MCA	0.0	0.264912280702
GFL	0.0	0.0202099737533
MCV	0.0	0.0100917431193
GFA	0.0	2.63435897436
MCR	0.0	0.0103773584906
YLV	0.0	0.00553459119497
YLR	0.0	0.0303609341826
YLS	0.0	0.454481792717
LQT	0.0	1.46274509804
GE_	0.0	0.0410169491525
LQV	0.0	0.0163366336634
LQW	0.0	0.00466101694915
LQP	0.0	0.754017094017
LQR	0.0	0.126220145379
LQS	0.0	2.18564257028
LQL	0.0	0.00394265232975
ELR	0.0	0.0710250201776
YLA	0.0	0.18185483871
LQE	0.0	0.066511627907
YLL	0.0	0.0174603174603
PQG	0.000112676375208	5.53690869087
LQA	0.0	0.879820261438
VNG	9.0476318353e-05	2.4134899913
MQR	0.0	0.219714656291
VNA	0.00157687297701	6.49890965732
VNL	0.0	0.0698412698413
TCL	0.0	0.0491228070175
VFG	0.0	0.129012345679
VNS	0.0	0.0137992831541
VNR	0.0	0.0167209554832
GDC	0.0	0.0248120300752
_TR	0.0	0.00767085076709
_RL	0.0	0.0512737127371
GPL	0.0	0.0271794871795
GPM	0.0	0.0226927252986
_TS	0.0	0.0275985663082
GPH	0.0	0.116346153846
GPI	0.0	0.0155202821869
GPK	0.0	0.0430687830688
GPD	0.0	0.0490250696379
GPE	0.0	0.0435416666667
GPF	0.0	0.0709023941068
GPG	3.56068091583e-05	4.04642354447
GPA	0.000302413995591	3.94723590586
GPC	0.0	0.0141706924316
GP_	0.0	0.0141025641026
FLA	0.0	0.257414965986
THG	0.106116383749	0.121780986763
GPV	0.0	0.0356962822936
GPW	0.0	0.0129985228951
GPP	0.0	0.457466918715
GPQ	0.0	0.653003533569
GPR	0.0	0.0553668890237
GPS	0.0	3.20833333333
PHR	0.0	0.0
GEL	0.0	0.0239326765189
CRR	0.0	0.00305216426193
CRS	0.0	0.0018779342723
CRP	0.0	0.00497416020672
CRQ	0.0	0.00413145539906
CRV	0.0	0.0063670411985
CRW	0.0	0.011075781664
CRT	0.0	0.0204176334107
CRY	0.0	0.0611111111111
CR_	0.0	0.0407407407407
CRC	0.0	0.0142050040355
CRA	0.0	0.0030612244898
CRF	0.0	0.0341968911917
CRG	0.0	0.00552070263488
CRD	0.0	0.0190867579909
CRE	0.0	0.00244852531998
CRK	0.0	0.0
CRH	0.0	0.0
_CR	0.0	0.0082264957265
CRL	0.0	0.0322072072072
CRM	0.0	0.0247747747748
WNG	0.000145238300514	3.23182579564
RGR	0.0	0.00954943320419
WNR	0.0	0.0547892720307
GDG	0.0	0.0381897086175
WLA	0.0	0.262334701322
MHG	0.0	0.195811518325
_TG	0.0	0.0570578231293
WIR	0.0	0.00754458161866
_WV	0.0	0.120457280385
_WS	0.0	0.0491228070175
_WR	0.0	0.0196428571429
_WL	0.0	0.142807017544
_WG	0.0	0.0197513812155
_WA	0.0	0.131098696462
RAC	0.0	0.0113492063492
LCV	0.0	0.00561941251596
LCW	0.0	0.00512820512821
LCT	0.0	0.0265460030166
LCR	0.0	0.0134461683122
LCS	0.000430056266457	0.121711899791
LCP	0.0	0.0114583333333
RNL	0.0	0.00203139427516
RNA	0.0	0.17168627451
RNG	0.000981487029204	0.234306853583
RNE	0.0	0.00940170940171
RAN	0.0	0.315595238095
LCE	0.0	0.0131474103586
LCC	0.0	0.0503663003663
VLP	0.0	0.408210180624
LCA	0.0	0.172721224218
RNS	0.0	0.0983739837398
RNR	0.0	0.0039245667686
LCL	0.0	0.00204841713222
RNW	0.0	0.0212797619048
RNV	0.0	0.00934182590234
RNT	0.0	0.237747336377
DVL	0.0	0.0154261057174
FGW	0.0	0.0617283950617
DVE	0.0	0.0380952380952
DVG	0.00420678863145	0.656599832916
DVA	0.0	14.7277777778
RAH	0.0	0.00850515463918
SET	0.0	0.0222577209798
DVT	0.0	2.20196078431
DVW	0.0	0.0272277227723
FGS	0.0	12.3775193798
DVP	0.0	1.03822463768
DVS	0.0	0.803752759382
DVR	0.0	0.223608670182
TGC	0.0	0.0257921419518
GKE	0.0	0.0993676603433
IKG	0.00329903425488	0.709137055838
MSV	0.0	0.0372112211221
RDK	0.0	0.0037037037037
EHG	0.000344940963721	0.155408388521
IER	0.0	0.0748299319728
_RE	0.0	0.0428571428571
FGE	0.0	0.0525597269625
MSP	0.0	0.445945945946
IEG	0.0	0.0568226120858
ANA	0.00042454272458	3.85726872247
PLW	0.0	0.00136815920398
PLV	0.0	0.0329509241555
PLT	0.0	0.427777777778
PLS	0.0	1.41018744906
PLR	0.0	0.0283105022831
PLP	0.0	0.297744360902
QPV	0.0	0.087216828479
PLG	0.0	1.73001145475
CDV	0.0	0.00187074829932
PLC	0.0	0.0142394822006
PLA	0.0	2.15023809524
PLM	0.0	0.0191972076789
FGC	0.0	0.0574500768049
MSG	0.402846400683	0.504374057315
VTE	0.0	0.00862745098039
GA_	0.0	0.0292385057471
ENG	0.0494608373208	1.27410071942
PPA	0.0	4.86637426901
PPG	0.0	1.25918163673
PPE	0.0	0.0487588652482
GAW	0.0	0.0216494845361
GAV	0.0	1.10470568104
GAT	0.0	0.0281466113416
GAS	0.0201432806096	0.751901709402
GAR	4.26181885678e-05	0.0769988099102
GAQ	0.0	0.311800486618
PPL	0.0	0.00359477124183
PPS	0.0	0.779166666667
PPR	0.0	0.0209763539283
GAM	0.0	0.0352256186317
GAL	0.0	0.0169997335465
PPW	0.0	0.019298245614
PPV	0.0	0.0663253697383
GAI	0.0	0.0334381551363
GAH	0.0	0.0238904627007
GAG	0.127889665083	0.331682086867
GAF	0.0	0.00964912280702
GAE	0.00011498032124	0.0522346368715
GAD	0.0	0.0573913043478
GAC	0.0	0.0192700729927
GAA	0.0133005807626	1.75365025467
TPL	0.0	0.0
ANR	0.0	0.00597176981542
AQT	0.0	0.721226415094
MTR	0.0	0.0460188933873
MTS	0.0	0.243157894737
AQV	0.0	0.0495495495495
SAI	0.0	0.00398550724638
MTA	0.59605798531	2.04659863946
MTG	0.000112633784072	0.45811965812
RAL	0.0	0.00940860215054
AQP	0.0	0.597788309637
ARP	0.0	0.405805243446
ARQ	0.0	0.00278622087133
ARR	0.0	0.015431066518
ARS	0.0	0.0141640706127
ART	0.0	0.0253525971792
ARV	0.0	0.0332860520095
HRL	0.0	0.0691666666667
ARY	0.0	0.029490616622
AR_	0.0	0.153520249221
ARA	0.0	0.0149027498323
ARC	0.0	0.0445006321113
ARD	0.0	0.137998963193
ARE	0.0	0.251610239472
ARF	0.0	0.0126436781609
ARG	0.0	0.0118918918919
ARH	0.0	0.0409302325581
ARI	0.0	0.010513739546
ARK	0.0	0.003081232493
ARL	0.0	0.0148648648649
ARM	0.0	0.0366013071895
ARN	0.0	0.0557126030624
VYR	0.0	0.00108481262327
GSP	0.0	1.16662112933
GSS	0.00701879874006	0.899635701275
GSR	0.0	0.0125079851795
VYV	0.0	0.00833333333333
GST	0.00338502065732	0.0325096899225
GSW	0.0	0.0224489795918
GSV	0.0	1.8756174559
GSY	0.0	1.13666666667
TMR	0.0	0.0370786516854
GS_	0.0	0.0281395348837
GSA	0.146629719294	1.55358604734
GSC	0.0	0.0178861788618
VYA	0.0	2.44619047619
GSE	0.0	0.0429248723559
VYG	0.0	0.177351247601
GSG	0.131306834396	0.302172454286
GSF	0.0	0.0303609341826
GSI	0.0	0.0126436781609
GSH	0.0	0.0525735294118
GSK	0.0	0.217514124294
TIG	0.0	2.74672619048
GSM	0.0	0.0325123152709
GSL	0.0	0.0434453781513
VYL	0.0	0.0
GSN	0.0	0.307738095238
GWC	0.0	0.00632183908046
AQG	0.00882510059005	0.228461538462
AQA	0.0	0.817163684559
HKG	0.0	0.0112244897959
PCR	0.0	0.0296296296296
TNG	0.0	3.41888020833
KVG	0.0	0.19483234714
KVE	0.0	0.0473611111111
TMA	0.0	0.875925925926
SQS	0.0	0.752180685358
SQR	0.0	0.120027624309
KVL	0.0	0.00401459854015
SQP	0.0	1.06148459384
SQW	0.0	0.0228215767635
SQV	0.0	0.0427259887006
KVV	0.0	0.0342490842491
KVW	0.0	0.0
KVT	0.0	0.0964912280702
KVR	0.0	0.00259678942398
KVS	0.0	0.275278622087
KVP	0.0	0.0969551282051
SQL	0.0	0.0749475890985
SQA	0.0	0.877179487179
LHA	0.0	0.143994601889
SQE	0.0	0.0760162601626
Q_G	0.000239958931284	0.0479302832244
W_L	0.0	0.00320232896652
Q_A	0.0	0.0276729559748
W_G	0.0	0.0509259259259
GWR	0.0	0.0215783168613
W_A	0.0	0.0217606330366
EES	0.0	0.0123595505618
EER	0.0	0.04035639413
EEL	0.0	0.00823970037453
Q_R	0.0	0.0314285714286
EEE	0.0	0.0361502347418
_RW	0.0	0.0300546448087
EEG	0.00214437226568	0.01500332668
W_V	0.0	0.0114226375909
EEA	0.0	0.0883633633634
W_S	0.000245291351979	0.0256515775034
W_R	0.0	0.0536258379037
_VA	0.000216433545864	0.060349127182
LL_	0.0	0.0188034188034
_VG	0.0	0.0408769973987
VTL	0.0	0.00441767068273
_VE	0.0	0.0284627092846
LLS	0.0202224931403	1.16223862239
LLR	0.0	0.0475409836066
LLQ	0.0	0.218091697646
LLP	0.0	0.973620559335
LLW	0.0	0.00895989974937
LLV	0.0	0.0175531914894
_VL	0.0	0.0711843711844
LLT	0.0	0.131623931624
LLK	0.0	0.055
_VS	0.0	0.0159420289855
LLI	0.0	0.00767888307155
LLH	0.0	0.0381944444444
_VV	0.0	0.00492170022371
_VW	0.0	0.00342679127726
LLM	0.0	0.00923261390887
LLL	0.0	0.0354287931704
LLC	0.0	0.0370466321244
LLA	0.0	0.236845802599
LLG	0.000428874453135	4.33714759536
LLF	0.0	0.0
LLE	0.0	0.0419250645995
LLD	0.0	0.0868421052632
EWL	0.0	0.00847084708471
_DA	0.0	0.137254901961
EWA	0.0	3.41886051081
EWG	0.0	0.0784511784512
EWE	0.0	0.090987654321
_DG	0.0	0.0999063670412
LVA	0.00481773898501	2.43430420712
_RV	0.0	0.0168320926385
EWS	0.0	0.787558685446
EWR	0.0	0.0654418197725
_DR	0.0	0.0814814814815
EWW	0.0	0.00333333333333
EWV	0.0	0.07649281935
EWT	0.0	2.40541012216
LRA	0.0	0.0107171378374
LRC	0.0	0.0385964912281
LRE	0.0	0.137667887668
LRD	0.0	0.0828525641026
LRG	0.001406689404	0.0177604166667
LRF	0.0	0.0162393162393
LRI	0.0	0.00420248328558
LRH	0.0	0.00645161290323
LRK	0.0	0.0146960587842
LRM	0.0	0.00273631840796
LRL	0.0	0.0199952785647
LRN	0.0	0.0385214007782
LRQ	0.0	0.000613154960981
LRP	0.0	0.151322751323
LRS	0.000105627854919	0.0176238035789
LRR	0.0	0.00850967007964
LRT	0.0	0.0475017844397
HAA	0.00042454272458	1.17060810811
LRV	0.0	0.0371453437772
LRY	0.0	0.0494708994709
TVW	0.0	0.00223577235772
LR_	0.0	0.0566445182724
LWQ	0.0	0.175
_RT	0.0	0.0109452736318
LHL	0.0	0.0113989637306
IDG	0.0	0.106398809524
CGH	0.0	0.0135802469136
PMV	0.0	0.016029143898
CGM	0.0	0.00697084917617
CGL	0.0	0.0302197802198
PMR	0.0	0.0171111111111
CGA	0.0	0.213800578035
CGC	0.0	0.0147598870056
CGE	0.0	0.00642335766423
CGD	0.0	0.0159036144578
CGG	0.0	0.0642882753675
CGF	0.0	0.00669710806697
CGY	0.0	0.024043715847
PMG	0.0	1.81236028928
PMA	0.0	1.02380952381
CG_	0.0	0.0625711035267
CGQ	0.0	0.0387238723872
CGP	0.0	0.00132370637786
GKP	0.0	0.274476190476
CGR	0.0	0.0112944627796
VTS	0.0	1.15975308642
CGT	0.0	0.0408333333333
CGW	0.0	0.0385401459854
CGV	0.0	0.0177737881508
FEG	0.00145381170554	0.0477377654663
RCL	0.0	0.00545454545455
VLD	0.0	0.0238095238095
FER	0.0	0.0654147104851
VRI	0.0	0.0058949624866
WIG	0.0	1.26320474777
VLG	0.000398952979661	0.742835680751
VRM	0.0	0.0198431372549
CIG	0.0	0.19012345679
MSW	0.0	0.00657698056801
P_G	0.0	0.0334549878345
MSS	0.33094621605	0.738991769547
MSR	0.000164747922971	0.0776717557252
P_A	0.0	0.0792372881356
MSL	0.0	0.00124293785311
P_V	0.0	0.00445344129555
YRL	0.0	0.00326409495549
MSE	0.000501732310867	0.0225908372828
P_R	0.0	0.0192449355433
P_S	0.0	0.0218018018018
MSA	0.0293080874003	1.38711554447
DAE	0.0	0.0764705882353
AQW	0.0	0.0347222222222
DAG	0.0199135549291	0.366193548387
DAA	0.0478491405502	4.63824027073
AQS	0.0	1.01291666667
AQR	0.0	0.143733333333
DAL	0.0	0.0283261802575
HAG	0.737877143782	0.234152046784
AQE	0.0	0.0149659863946
DAV	0.0	0.0422338568935
DAW	0.0	0.0353637901861
GTV	0.0	0.354605263158
DAR	0.0	0.149084249084
DAS	0.0	1.2023255814
AQL	0.0	0.00599128540305
TVE	0.0	0.016081871345
DWR	0.0	0.0686274509804
DWS	0.0	3.66666666667
DWV	0.0	0.0618300653595
GTW	0.0	0.00946643717728
DWA	0.0	3.79114391144
DWG	5.48257530373e-05	0.0969348659004
YRG	0.000525567950083	0.0104044357469
KRK	0.0	0.0
KTV	0.0	0.0118918918919
