Pos	E	D	R	K	H	Q	N	S	T	P	G	C	A	V	I	L	M	F	Y	W	_
134	0.000284966414044	0.000276693195571	0.00324743580867	0.0	0.000389885866486	0.0	0.000579560071805	0.000372934307074	0.0	0.000222791923707	1.0	0.00070888339361	0.00085408852687	0.00139962444163	0.0	0.000263113161433	0.0	0.000393462801042	0.0168867832335	0.00066492163277	0.00031190869319
136	0.0	0.000291751328663	0.0479392366161	0.00214437226568	0.00359459747639	0.0	0.00941431726395	26.00843756	1.0	0.0274273734499	0.00568796979025	0.0072880626023	0.00962886468788	0.0	0.00391503650165	0.00138826412575	0.00091574616328	0.00259923910991	0.00378925219637	0.0057183260418	0.0060192905703
153	0.0	0.0	0.000597734429455	0.0	0.0	0.0	0.0	0.0	0.0	0.0	0.0	0.0	0.0	0.0	0.00407296397771	0.0	0.0	0.0	0.0	1.0	0.00241619410217
155	0.0	0.0	0.000245773325579	0.0	0.0	0.0	0.00245071116078	0.152107472712	1.0	0.0	0.00647612554905	0.0062177694766	0.070875026997	0.0375795931707	0.0	0.0778541402488	0.00214437226568	0.0	0.0282601039069	0.0	0.0
183	0.000371319872845	0.000439871233985	0.000960938334128	0.0279763080906	1.0	0.00030416627882	0.00058749925087	0.00212303928783	0.00157420509959	0.0	0.000546886895924	0.00188123357669	0.00138719499666	0.00046743809606	0.000243678666554	0.00137102488716	0.00072690585277	0.00059019420156	0.00195927754612	0.000334079418216	0.0
190	1.0	0.0261054014952	0.000217979391682	0.00094778884671	0.0	0.00082475856372	0.00032863942769	0.000804188634172	0.000645895260745	0.000426740749388	0.00107842085504	0.000611803784785	8.2238629556e-05	0.000423430348653	0.0010857581092	0.000446744222016	0.000191035391151	0.00261152259639	0.000597734429455	0.000409231348411	0.00251669017316
194	0.00118653099878	0.0019180344328	0.000494427058487	0.00115413628339	0.0331940203331	0.000747493600235	0.0023845383033	0.000888918455054	0.000382070782303	0.00186422430875	0.00131657633344	0.00061393071001	0.000304346152432	0.000791457388329	0.0050116519499	1.0	2.61351890862	0.00165349186751	0.00118656316819	0.00132839576836	0.00146411517431
195	0.000351896987188	0.00171420260309	0.00126351269487	0.00029628632341	0.0008824577225	0.00174255515139	0.00120597385767	0.000977292766437	0.000554408342005	0.000685513611405	0.00100208711348	0.000617640976615	0.000496069293847	0.000683631742449	0.000401442545836	0.00138516384143	0.000459918984595	0.00292320188427	1.0	0.00115140314257	0.0009530543403
225	0.800399336055	1.0	6.19536949273e-05	0.00030993637083	0.000966221558536	0.003176847801	0.00288382766257	0.00101002389389	0.0145006644697	0.000112676375208	0.00156459053218	7.4408927024e-05	0.00882510059005	0.00116200378907	6.1886645474e-05	7.80570303443e-05	0.000108610181231	0.000663160642141	0.00172272993523	0.0213112631482	0.00120015484925
226	0.000636379686687	0.000122974753587	0.000607609476754	0.00175244125159	0.163490407039	1.0	0.0815568922004	0.0135215261427	0.000131154267014	0.00199754891759	0.0	0.000113571520195	0.0199135549291	0.00420678863145	0.012411644391	0.000101149635173	0.0647076842471	8.04265266077e-05	0.0	5.48257530373e-05	0.00384986401603
228	0.00380596071402	0.00220985430765	0.00111277608064	0.000382923618871	0.000213370374694	0.000240265800076	0.0	0.0175222060371	0.000129814439088	7.43605467073e-05	1.0	0.0018494169094	0.00919447858475	0.00181888253926	0.000144890017951	3.04328155498e-05	0.00028169093802	0.00145210020075	0.000134233005676	0.00183956809785	8.5094137527e-05
