mut1	mut2	value
D225E	D225E	-1
D225E	D225R	-1
D225E	D225K	-1
D225E	D225H	-1
D225E	D225Q	-1
D225E	D225N	-1
D225E	D225S	-1
D225E	D225T	-1
D225E	D225P	-1
D225E	D225G	-1
D225E	D225C	-1
D225E	D225A	-1
D225E	D225V	-1
D225E	D225I	-1
D225E	D225L	-1
D225E	D225M	-1
D225E	D225F	-1
D225E	D225Y	-1
D225E	D225W	-1
D225E	Q226E	0
D225E	Q226D	0
D225E	Q226R	0
D225E	Q226K	0
D225E	Q226H	0
D225E	Q226N	0
D225E	Q226S	0
D225E	Q226T	0
D225E	Q226P	0
D225E	Q226G	0
D225E	Q226C	0
D225E	Q226A	0
D225E	Q226V	0
D225E	Q226I	0
D225E	Q226L	0
D225E	Q226M	1.0
D225E	Q226F	0
D225E	Q226Y	0
D225E	Q226W	0
D225E	G228E	0
D225E	G228D	0
D225E	G228R	0
D225E	G228K	-1
D225E	G228H	0
D225E	G228Q	-1
D225E	G228N	0
D225E	G228S	0
D225E	G228T	-1
D225E	G228P	-1
D225E	G228C	0
D225E	G228A	0
D225E	G228V	0
D225E	G228I	-1
D225E	G228L	0
D225E	G228M	-1
D225E	G228F	-1
D225E	G228Y	-1
D225E	G228W	0
D225R	D225E	-1
D225R	D225R	-1
D225R	D225K	-1
D225R	D225H	-1
D225R	D225Q	-1
D225R	D225N	-1
D225R	D225S	-1
D225R	D225T	-1
D225R	D225P	-1
D225R	D225G	-1
D225R	D225C	-1
D225R	D225A	-1
D225R	D225V	-1
D225R	D225I	-1
D225R	D225L	-1
D225R	D225M	-1
D225R	D225F	-1
D225R	D225Y	-1
D225R	D225W	-1
D225R	Q226E	0
D225R	Q226D	0
D225R	Q226R	0
D225R	Q226K	0
D225R	Q226H	0
D225R	Q226N	0
D225R	Q226S	0
D225R	Q226T	0
D225R	Q226P	0
D225R	Q226G	0
D225R	Q226C	0
D225R	Q226A	0
D225R	Q226V	0
D225R	Q226I	0
D225R	Q226L	0
D225R	Q226M	0
D225R	Q226F	0
D225R	Q226Y	1.0
D225R	Q226W	0
D225R	G228E	0
D225R	G228D	0
D225R	G228R	0
D225R	G228K	0
D225R	G228H	0
D225R	G228Q	0
D225R	G228N	0
D225R	G228S	0
D225R	G228T	0
D225R	G228P	0
D225R	G228C	0
D225R	G228A	0
D225R	G228V	0
D225R	G228I	0
D225R	G228L	0
D225R	G228M	0
D225R	G228F	0
D225R	G228Y	0
D225R	G228W	0
D225K	D225E	-1
D225K	D225R	-1
D225K	D225K	-1
D225K	D225H	-1
D225K	D225Q	-1
D225K	D225N	-1
D225K	D225S	-1
D225K	D225T	-1
D225K	D225P	-1
D225K	D225G	-1
D225K	D225C	-1
D225K	D225A	-1
D225K	D225V	-1
D225K	D225I	-1
D225K	D225L	-1
D225K	D225M	-1
D225K	D225F	-1
D225K	D225Y	-1
D225K	D225W	-1
D225K	Q226E	0
D225K	Q226D	0
D225K	Q226R	0
D225K	Q226K	0
D225K	Q226H	0
D225K	Q226N	0
D225K	Q226S	0
D225K	Q226T	0
D225K	Q226P	0
D225K	Q226G	0
D225K	Q226C	0
D225K	Q226A	0
D225K	Q226V	0
D225K	Q226I	0
D225K	Q226L	0
D225K	Q226M	0
D225K	Q226F	0
D225K	Q226Y	0
D225K	Q226W	0
D225K	G228E	-1
D225K	G228D	-1
D225K	G228R	0
D225K	G228K	-1
D225K	G228H	-1
D225K	G228Q	-1
D225K	G228N	-1
D225K	G228S	0
D225K	G228T	0
D225K	G228P	-1
D225K	G228C	-1
D225K	G228A	-1
D225K	G228V	0
D225K	G228I	0
D225K	G228L	0
D225K	G228M	-1
D225K	G228F	-1
D225K	G228Y	-1
D225K	G228W	0
D225H	D225E	-1
D225H	D225R	-1
D225H	D225K	-1
D225H	D225H	-1
D225H	D225Q	-1
D225H	D225N	-1
D225H	D225S	-1
D225H	D225T	-1
D225H	D225P	-1
D225H	D225G	-1
D225H	D225C	-1
D225H	D225A	-1
D225H	D225V	-1
D225H	D225I	-1
D225H	D225L	-1
D225H	D225M	-1
D225H	D225F	-1
D225H	D225Y	-1
D225H	D225W	-1
D225H	Q226E	1.0
D225H	Q226D	0
D225H	Q226R	1.0
D225H	Q226K	0
D225H	Q226H	0
D225H	Q226N	0
D225H	Q226S	1.0
D225H	Q226T	0
D225H	Q226P	1.0
D225H	Q226G	0
D225H	Q226C	0
D225H	Q226A	1.0
D225H	Q226V	0
D225H	Q226I	0
D225H	Q226L	0
D225H	Q226M	0
D225H	Q226F	0
D225H	Q226Y	0
D225H	Q226W	0
D225H	G228E	-1
D225H	G228D	-1
D225H	G228R	0
D225H	G228K	-1
D225H	G228H	-1
D225H	G228Q	-1
D225H	G228N	-1
D225H	G228S	0
D225H	G228T	-1
D225H	G228P	0
D225H	G228C	0
D225H	G228A	0
D225H	G228V	0
D225H	G228I	-1
D225H	G228L	0
D225H	G228M	-1
D225H	G228F	-1
D225H	G228Y	-1
D225H	G228W	0
D225Q	D225E	-1
D225Q	D225R	-1
D225Q	D225K	-1
D225Q	D225H	-1
D225Q	D225Q	-1
D225Q	D225N	-1
D225Q	D225S	-1
D225Q	D225T	-1
D225Q	D225P	-1
D225Q	D225G	-1
D225Q	D225C	-1
D225Q	D225A	-1
D225Q	D225V	-1
D225Q	D225I	-1
D225Q	D225L	-1
D225Q	D225M	-1
D225Q	D225F	-1
D225Q	D225Y	-1
D225Q	D225W	-1
D225Q	Q226E	1.0
D225Q	Q226D	0
D225Q	Q226R	0
D225Q	Q226K	0
D225Q	Q226H	1.0
D225Q	Q226N	1.0
D225Q	Q226S	1.0
D225Q	Q226T	0
D225Q	Q226P	0
D225Q	Q226G	0
D225Q	Q226C	0
D225Q	Q226A	1.0
D225Q	Q226V	1.0
D225Q	Q226I	0
D225Q	Q226L	0
D225Q	Q226M	1.0
D225Q	Q226F	0
D225Q	Q226Y	0
D225Q	Q226W	0
D225Q	G228E	0
D225Q	G228D	0
D225Q	G228R	0
D225Q	G228K	-1
D225Q	G228H	-1
D225Q	G228Q	-1
D225Q	G228N	-1
D225Q	G228S	0
D225Q	G228T	-1
D225Q	G228P	0
D225Q	G228C	0
D225Q	G228A	-1
D225Q	G228V	0
D225Q	G228I	-1
D225Q	G228L	0
D225Q	G228M	-1
D225Q	G228F	-1
D225Q	G228Y	-1
D225Q	G228W	0
D225N	D225E	-1
D225N	D225R	-1
D225N	D225K	-1
D225N	D225H	-1
D225N	D225Q	-1
D225N	D225N	-1
D225N	D225S	-1
D225N	D225T	-1
D225N	D225P	-1
D225N	D225G	-1
D225N	D225C	-1
D225N	D225A	-1
D225N	D225V	-1
D225N	D225I	-1
D225N	D225L	-1
D225N	D225M	-1
D225N	D225F	-1
D225N	D225Y	-1
D225N	D225W	-1
D225N	Q226E	0
D225N	Q226D	0
D225N	Q226R	0
D225N	Q226K	0
D225N	Q226H	0
D225N	Q226N	0
D225N	Q226S	0
D225N	Q226T	0
D225N	Q226P	0
D225N	Q226G	0
D225N	Q226C	0
D225N	Q226A	1.0
D225N	Q226V	0
D225N	Q226I	0
D225N	Q226L	0
D225N	Q226M	0
D225N	Q226F	0
D225N	Q226Y	0
D225N	Q226W	0
D225N	G228E	-1
D225N	G228D	-1
D225N	G228R	0
D225N	G228K	-1
D225N	G228H	-1
D225N	G228Q	-1
D225N	G228N	-1
D225N	G228S	0
D225N	G228T	-1
D225N	G228P	0
D225N	G228C	0
D225N	G228A	0
D225N	G228V	0
D225N	G228I	-1
D225N	G228L	0
D225N	G228M	-1
D225N	G228F	-1
D225N	G228Y	-1
D225N	G228W	0
D225S	D225E	-1
D225S	D225R	-1
D225S	D225K	-1
D225S	D225H	-1
D225S	D225Q	-1
D225S	D225N	-1
D225S	D225S	-1
D225S	D225T	-1
D225S	D225P	-1
D225S	D225G	-1
D225S	D225C	-1
D225S	D225A	-1
D225S	D225V	-1
D225S	D225I	-1
D225S	D225L	-1
D225S	D225M	-1
D225S	D225F	-1
D225S	D225Y	-1
D225S	D225W	-1
D225S	Q226E	0
D225S	Q226D	0
D225S	Q226R	0
D225S	Q226K	0
D225S	Q226H	0
D225S	Q226N	1.0
D225S	Q226S	0
D225S	Q226T	1.0
D225S	Q226P	0
D225S	Q226G	0
D225S	Q226C	0
D225S	Q226A	1.0
D225S	Q226V	1.0
D225S	Q226I	0
D225S	Q226L	0
D225S	Q226M	0
D225S	Q226F	0
D225S	Q226Y	0
D225S	Q226W	0
D225S	G228E	0
D225S	G228D	0
D225S	G228R	0
D225S	G228K	0
D225S	G228H	-1
D225S	G228Q	0
D225S	G228N	0
D225S	G228S	0
D225S	G228T	0
D225S	G228P	0
D225S	G228C	0
D225S	G228A	0
D225S	G228V	0
D225S	G228I	0
D225S	G228L	0
D225S	G228M	0
D225S	G228F	0
D225S	G228Y	0
D225S	G228W	0
D225T	D225E	-1
D225T	D225R	-1
D225T	D225K	-1
D225T	D225H	-1
D225T	D225Q	-1
D225T	D225N	-1
D225T	D225S	-1
D225T	D225T	-1
D225T	D225P	-1
D225T	D225G	-1
D225T	D225C	-1
D225T	D225A	-1
D225T	D225V	-1
D225T	D225I	-1
D225T	D225L	-1
D225T	D225M	-1
D225T	D225F	-1
D225T	D225Y	-1
D225T	D225W	-1
D225T	Q226E	0
D225T	Q226D	0
D225T	Q226R	0
D225T	Q226K	0
D225T	Q226H	0
D225T	Q226N	0
D225T	Q226S	0
D225T	Q226T	0
D225T	Q226P	0
D225T	Q226G	0
D225T	Q226C	0
D225T	Q226A	0
D225T	Q226V	0
D225T	Q226I	0
D225T	Q226L	0
D225T	Q226M	0
D225T	Q226F	0
D225T	Q226Y	0
D225T	Q226W	0
D225T	G228E	0
D225T	G228D	0
D225T	G228R	0
D225T	G228K	0
D225T	G228H	-1
D225T	G228Q	0
D225T	G228N	-1
D225T	G228S	0
D225T	G228T	0
D225T	G228P	-1
D225T	G228C	0
D225T	G228A	0
D225T	G228V	0
D225T	G228I	0
D225T	G228L	0
D225T	G228M	0
D225T	G228F	0
D225T	G228Y	-1
D225T	G228W	0
D225P	D225E	-1
D225P	D225R	-1
D225P	D225K	-1
D225P	D225H	-1
D225P	D225Q	-1
D225P	D225N	-1
D225P	D225S	-1
D225P	D225T	-1
D225P	D225P	-1
D225P	D225G	-1
D225P	D225C	-1
D225P	D225A	-1
D225P	D225V	-1
D225P	D225I	-1
D225P	D225L	-1
D225P	D225M	-1
D225P	D225F	-1
D225P	D225Y	-1
D225P	D225W	-1
D225P	Q226E	0
D225P	Q226D	0
D225P	Q226R	0
D225P	Q226K	0
D225P	Q226H	0
D225P	Q226N	0
D225P	Q226S	0
D225P	Q226T	1.0
D225P	Q226P	0
D225P	Q226G	0
D225P	Q226C	0
D225P	Q226A	0
D225P	Q226V	0
D225P	Q226I	0
D225P	Q226L	0
D225P	Q226M	0
D225P	Q226F	0
D225P	Q226Y	0
D225P	Q226W	0
D225P	G228E	-1
D225P	G228D	0
D225P	G228R	0
D225P	G228K	0
D225P	G228H	0
D225P	G228Q	-1
D225P	G228N	-1
D225P	G228S	0
D225P	G228T	0
D225P	G228P	-1
D225P	G228C	-1
D225P	G228A	0
D225P	G228V	0
D225P	G228I	-1
D225P	G228L	0
D225P	G228M	-1
D225P	G228F	0
D225P	G228Y	-1
D225P	G228W	0
D225G	D225E	-1
D225G	D225R	-1
D225G	D225K	-1
D225G	D225H	-1
D225G	D225Q	-1
D225G	D225N	-1
D225G	D225S	-1
D225G	D225T	-1
D225G	D225P	-1
D225G	D225G	-1
D225G	D225C	-1
D225G	D225A	-1
D225G	D225V	-1
D225G	D225I	-1
D225G	D225L	-1
D225G	D225M	-1
D225G	D225F	-1
D225G	D225Y	-1
D225G	D225W	-1
D225G	Q226E	0
D225G	Q226D	0
D225G	Q226R	0
D225G	Q226K	0
D225G	Q226H	0
D225G	Q226N	1.0
D225G	Q226S	1.0
D225G	Q226T	1.0
D225G	Q226P	0
D225G	Q226G	0
D225G	Q226C	0
D225G	Q226A	1.0
D225G	Q226V	0
D225G	Q226I	0
D225G	Q226L	0
D225G	Q226M	0
D225G	Q226F	0
D225G	Q226Y	0
D225G	Q226W	0
D225G	G228E	0
D225G	G228D	0
D225G	G228R	0
D225G	G228K	0
D225G	G228H	0
D225G	G228Q	0
D225G	G228N	0
D225G	G228S	0
D225G	G228T	0
D225G	G228P	0
D225G	G228C	0
D225G	G228A	0
D225G	G228V	0
D225G	G228I	0
D225G	G228L	0
D225G	G228M	0
D225G	G228F	0
D225G	G228Y	0
D225G	G228W	0
D225C	D225E	-1
D225C	D225R	-1
D225C	D225K	-1
D225C	D225H	-1
D225C	D225Q	-1
D225C	D225N	-1
D225C	D225S	-1
D225C	D225T	-1
D225C	D225P	-1
D225C	D225G	-1
D225C	D225C	-1
D225C	D225A	-1
D225C	D225V	-1
D225C	D225I	-1
D225C	D225L	-1
D225C	D225M	-1
D225C	D225F	-1
D225C	D225Y	-1
D225C	D225W	-1
D225C	Q226E	0
D225C	Q226D	0
D225C	Q226R	0
D225C	Q226K	0
D225C	Q226H	0
D225C	Q226N	0
D225C	Q226S	0
D225C	Q226T	0
D225C	Q226P	0
D225C	Q226G	0
D225C	Q226C	0
D225C	Q226A	0
D225C	Q226V	0
D225C	Q226I	0
D225C	Q226L	0
D225C	Q226M	0
D225C	Q226F	0
D225C	Q226Y	0
D225C	Q226W	0
D225C	G228E	0
D225C	G228D	0
D225C	G228R	0
D225C	G228K	-1
D225C	G228H	-1
D225C	G228Q	-1
D225C	G228N	-1
D225C	G228S	0
D225C	G228T	0
D225C	G228P	0
D225C	G228C	0
D225C	G228A	0
D225C	G228V	0
D225C	G228I	0
D225C	G228L	0
D225C	G228M	-1
D225C	G228F	0
D225C	G228Y	0
D225C	G228W	0
D225A	D225E	-1
D225A	D225R	-1
D225A	D225K	-1
D225A	D225H	-1
D225A	D225Q	-1
D225A	D225N	-1
D225A	D225S	-1
D225A	D225T	-1
D225A	D225P	-1
D225A	D225G	-1
D225A	D225C	-1
D225A	D225A	-1
D225A	D225V	-1
D225A	D225I	-1
D225A	D225L	-1
D225A	D225M	-1
D225A	D225F	-1
D225A	D225Y	-1
D225A	D225W	-1
D225A	Q226E	0
D225A	Q226D	0
D225A	Q226R	0
D225A	Q226K	0
D225A	Q226H	0
D225A	Q226N	0
D225A	Q226S	1.0
D225A	Q226T	0
D225A	Q226P	0
D225A	Q226G	0
D225A	Q226C	0
D225A	Q226A	1.0
D225A	Q226V	0
D225A	Q226I	0
D225A	Q226L	0
D225A	Q226M	0
D225A	Q226F	0
D225A	Q226Y	0
D225A	Q226W	0
D225A	G228E	0
D225A	G228D	0
D225A	G228R	0
D225A	G228K	-1
D225A	G228H	-1
D225A	G228Q	0
D225A	G228N	0
D225A	G228S	0
D225A	G228T	0
D225A	G228P	0
D225A	G228C	0
D225A	G228A	0
D225A	G228V	0
D225A	G228I	0
D225A	G228L	0
D225A	G228M	0
D225A	G228F	0
D225A	G228Y	0
D225A	G228W	0
D225V	D225E	-1
D225V	D225R	-1
D225V	D225K	-1
D225V	D225H	-1
D225V	D225Q	-1
D225V	D225N	-1
D225V	D225S	-1
D225V	D225T	-1
D225V	D225P	-1
D225V	D225G	-1
D225V	D225C	-1
D225V	D225A	-1
D225V	D225V	-1
D225V	D225I	-1
D225V	D225L	-1
D225V	D225M	-1
D225V	D225F	-1
D225V	D225Y	-1
D225V	D225W	-1
D225V	Q226E	0
D225V	Q226D	0
D225V	Q226R	0
D225V	Q226K	0
D225V	Q226H	0
D225V	Q226N	0
D225V	Q226S	0
D225V	Q226T	0
D225V	Q226P	0
D225V	Q226G	0
D225V	Q226C	0
D225V	Q226A	0
D225V	Q226V	0
D225V	Q226I	0
D225V	Q226L	0
D225V	Q226M	0
D225V	Q226F	0
D225V	Q226Y	0
D225V	Q226W	0
D225V	G228E	0
D225V	G228D	0
D225V	G228R	0
D225V	G228K	0
D225V	G228H	0
D225V	G228Q	0
D225V	G228N	0
D225V	G228S	0
D225V	G228T	0
D225V	G228P	0
D225V	G228C	0
D225V	G228A	0
D225V	G228V	0
D225V	G228I	0
D225V	G228L	0
D225V	G228M	0
D225V	G228F	0
D225V	G228Y	0
D225V	G228W	0
D225I	D225E	-1
D225I	D225R	-1
D225I	D225K	-1
D225I	D225H	-1
D225I	D225Q	-1
D225I	D225N	-1
D225I	D225S	-1
D225I	D225T	-1
D225I	D225P	-1
D225I	D225G	-1
D225I	D225C	-1
D225I	D225A	-1
D225I	D225V	-1
D225I	D225I	-1
D225I	D225L	-1
D225I	D225M	-1
D225I	D225F	-1
D225I	D225Y	-1
D225I	D225W	-1
D225I	Q226E	0
D225I	Q226D	0
D225I	Q226R	0
D225I	Q226K	1.0
D225I	Q226H	0
D225I	Q226N	0
D225I	Q226S	0
D225I	Q226T	0
D225I	Q226P	0
D225I	Q226G	0
D225I	Q226C	0
D225I	Q226A	0
D225I	Q226V	0
D225I	Q226I	0
D225I	Q226L	0
D225I	Q226M	0
D225I	Q226F	0
D225I	Q226Y	0
D225I	Q226W	0
D225I	G228E	-1
D225I	G228D	0
D225I	G228R	-1
D225I	G228K	0
D225I	G228H	-1
D225I	G228Q	-1
D225I	G228N	-1
D225I	G228S	0
D225I	G228T	-1
D225I	G228P	0
D225I	G228C	0
D225I	G228A	0
D225I	G228V	0
D225I	G228I	-1
D225I	G228L	0
D225I	G228M	-1
D225I	G228F	-1
D225I	G228Y	-1
D225I	G228W	-1
D225L	D225E	-1
D225L	D225R	-1
D225L	D225K	-1
D225L	D225H	-1
D225L	D225Q	-1
D225L	D225N	-1
D225L	D225S	-1
D225L	D225T	-1
D225L	D225P	-1
D225L	D225G	-1
D225L	D225C	-1
D225L	D225A	-1
D225L	D225V	-1
D225L	D225I	-1
D225L	D225L	-1
D225L	D225M	-1
D225L	D225F	-1
D225L	D225Y	-1
D225L	D225W	-1
D225L	Q226E	0
D225L	Q226D	1.0
D225L	Q226R	1.0
D225L	Q226K	0
D225L	Q226H	0
D225L	Q226N	1.0
D225L	Q226S	1.0
D225L	Q226T	1.0
D225L	Q226P	0
D225L	Q226G	1.0
D225L	Q226C	1.0
D225L	Q226A	1.0
D225L	Q226V	0
D225L	Q226I	0
D225L	Q226L	1.0
D225L	Q226M	1.0
D225L	Q226F	0
D225L	Q226Y	1.0
D225L	Q226W	0
D225L	G228E	0
D225L	G228D	0
D225L	G228R	0
D225L	G228K	0
D225L	G228H	0
D225L	G228Q	0
D225L	G228N	0
D225L	G228S	0
D225L	G228T	0
D225L	G228P	0
D225L	G228C	0
D225L	G228A	0
D225L	G228V	0
D225L	G228I	0
D225L	G228L	0
D225L	G228M	0
D225L	G228F	0
D225L	G228Y	0
D225L	G228W	0
D225M	D225E	-1
D225M	D225R	-1
D225M	D225K	-1
D225M	D225H	-1
D225M	D225Q	-1
D225M	D225N	-1
D225M	D225S	-1
D225M	D225T	-1
D225M	D225P	-1
D225M	D225G	-1
D225M	D225C	-1
D225M	D225A	-1
D225M	D225V	-1
D225M	D225I	-1
D225M	D225L	-1
D225M	D225M	-1
D225M	D225F	-1
D225M	D225Y	-1
D225M	D225W	-1
D225M	Q226E	0
D225M	Q226D	0
D225M	Q226R	0
D225M	Q226K	0
D225M	Q226H	0
D225M	Q226N	0
D225M	Q226S	1.0
D225M	Q226T	0
D225M	Q226P	0
D225M	Q226G	0
D225M	Q226C	0
D225M	Q226A	1.0
D225M	Q226V	1.0
D225M	Q226I	0
D225M	Q226L	0
D225M	Q226M	0
D225M	Q226F	0
D225M	Q226Y	0
D225M	Q226W	0
D225M	G228E	0
D225M	G228D	0
D225M	G228R	0
D225M	G228K	-1
D225M	G228H	-1
D225M	G228Q	-1
D225M	G228N	-1
D225M	G228S	0
D225M	G228T	0
D225M	G228P	-1
D225M	G228C	0
D225M	G228A	0
D225M	G228V	0
D225M	G228I	0
D225M	G228L	0
D225M	G228M	0
D225M	G228F	-1
D225M	G228Y	0
D225M	G228W	0
D225F	D225E	-1
D225F	D225R	-1
D225F	D225K	-1
D225F	D225H	-1
D225F	D225Q	-1
D225F	D225N	-1
D225F	D225S	-1
D225F	D225T	-1
D225F	D225P	-1
D225F	D225G	-1
D225F	D225C	-1
D225F	D225A	-1
D225F	D225V	-1
D225F	D225I	-1
D225F	D225L	-1
D225F	D225M	-1
D225F	D225F	-1
D225F	D225Y	-1
D225F	D225W	-1
D225F	Q226E	1.0
D225F	Q226D	1.0
D225F	Q226R	0
D225F	Q226K	0
D225F	Q226H	0
D225F	Q226N	0
D225F	Q226S	1.0
D225F	Q226T	1.0
D225F	Q226P	0
D225F	Q226G	0
D225F	Q226C	0
D225F	Q226A	1.0
D225F	Q226V	0
D225F	Q226I	0
D225F	Q226L	0
D225F	Q226M	0
D225F	Q226F	0
D225F	Q226Y	0
D225F	Q226W	0
D225F	G228E	0
D225F	G228D	0
D225F	G228R	0
D225F	G228K	-1
D225F	G228H	-1
D225F	G228Q	-1
D225F	G228N	-1
D225F	G228S	0
D225F	G228T	-1
D225F	G228P	-1
D225F	G228C	0
D225F	G228A	0
D225F	G228V	0
D225F	G228I	-1
D225F	G228L	0
D225F	G228M	0
D225F	G228F	0
D225F	G228Y	-1
D225F	G228W	0
D225Y	D225E	-1
D225Y	D225R	-1
D225Y	D225K	-1
D225Y	D225H	-1
D225Y	D225Q	-1
D225Y	D225N	-1
D225Y	D225S	-1
D225Y	D225T	-1
D225Y	D225P	-1
D225Y	D225G	-1
D225Y	D225C	-1
D225Y	D225A	-1
D225Y	D225V	-1
D225Y	D225I	-1
D225Y	D225L	-1
D225Y	D225M	-1
D225Y	D225F	-1
D225Y	D225Y	-1
D225Y	D225W	-1
D225Y	Q226E	0
D225Y	Q226D	0
D225Y	Q226R	0
D225Y	Q226K	0
D225Y	Q226H	0
D225Y	Q226N	0
D225Y	Q226S	1.0
D225Y	Q226T	0
D225Y	Q226P	0
D225Y	Q226G	0
D225Y	Q226C	0
D225Y	Q226A	1.0
D225Y	Q226V	0
D225Y	Q226I	0
D225Y	Q226L	0
D225Y	Q226M	0
D225Y	Q226F	0
D225Y	Q226Y	0
D225Y	Q226W	0
D225Y	G228E	-1
D225Y	G228D	0
D225Y	G228R	0
D225Y	G228K	-1
D225Y	G228H	-1
D225Y	G228Q	-1
D225Y	G228N	-1
D225Y	G228S	0
D225Y	G228T	-1
D225Y	G228P	-1
D225Y	G228C	0
D225Y	G228A	0
D225Y	G228V	0
D225Y	G228I	0
D225Y	G228L	0
D225Y	G228M	-1
D225Y	G228F	0
D225Y	G228Y	-1
D225Y	G228W	0
D225W	D225E	-1
D225W	D225R	-1
D225W	D225K	-1
D225W	D225H	-1
D225W	D225Q	-1
D225W	D225N	-1
D225W	D225S	-1
D225W	D225T	-1
D225W	D225P	-1
D225W	D225G	-1
D225W	D225C	-1
D225W	D225A	-1
D225W	D225V	-1
D225W	D225I	-1
D225W	D225L	-1
D225W	D225M	-1
D225W	D225F	-1
D225W	D225Y	-1
D225W	D225W	-1
D225W	Q226E	0
D225W	Q226D	0
D225W	Q226R	0
D225W	Q226K	0
D225W	Q226H	0
D225W	Q226N	0
D225W	Q226S	0
D225W	Q226T	0
D225W	Q226P	0
D225W	Q226G	0
D225W	Q226C	0
D225W	Q226A	0
D225W	Q226V	0
D225W	Q226I	0
D225W	Q226L	0
D225W	Q226M	0
D225W	Q226F	0
D225W	Q226Y	0
D225W	Q226W	0
D225W	G228E	0
D225W	G228D	0
D225W	G228R	0
D225W	G228K	0
D225W	G228H	0
D225W	G228Q	0
D225W	G228N	0
D225W	G228S	0
D225W	G228T	0
D225W	G228P	0
D225W	G228C	0
D225W	G228A	0
D225W	G228V	0
D225W	G228I	0
D225W	G228L	0
D225W	G228M	0
D225W	G228F	-1
D225W	G228Y	0
D225W	G228W	0
Q226E	D225E	0
Q226E	D225R	0
Q226E	D225K	0
Q226E	D225H	1.0
Q226E	D225Q	1.0
Q226E	D225N	0
Q226E	D225S	0
Q226E	D225T	0
Q226E	D225P	0
Q226E	D225G	0
Q226E	D225C	0
Q226E	D225A	0
Q226E	D225V	0
Q226E	D225I	0
Q226E	D225L	0
Q226E	D225M	0
Q226E	D225F	1.0
Q226E	D225Y	0
Q226E	D225W	0
Q226E	Q226E	-1
Q226E	Q226D	-1
Q226E	Q226R	-1
Q226E	Q226K	-1
Q226E	Q226H	-1
Q226E	Q226N	-1
Q226E	Q226S	-1
Q226E	Q226T	-1
Q226E	Q226P	-1
Q226E	Q226G	-1
Q226E	Q226C	-1
Q226E	Q226A	-1
Q226E	Q226V	-1
Q226E	Q226I	-1
Q226E	Q226L	-1
Q226E	Q226M	-1
Q226E	Q226F	-1
Q226E	Q226Y	-1
Q226E	Q226W	-1
Q226E	G228E	0
Q226E	G228D	0
Q226E	G228R	0
Q226E	G228K	0
Q226E	G228H	0
Q226E	G228Q	0
Q226E	G228N	0
Q226E	G228S	0
Q226E	G228T	0
Q226E	G228P	0
Q226E	G228C	0
Q226E	G228A	0
Q226E	G228V	0
Q226E	G228I	0
Q226E	G228L	0
Q226E	G228M	0
Q226E	G228F	0
Q226E	G228Y	0
Q226E	G228W	0
Q226D	D225E	0
Q226D	D225R	0
Q226D	D225K	0
Q226D	D225H	0
Q226D	D225Q	0
Q226D	D225N	0
Q226D	D225S	0
Q226D	D225T	0
Q226D	D225P	0
Q226D	D225G	0
Q226D	D225C	0
Q226D	D225A	0
Q226D	D225V	0
Q226D	D225I	0
Q226D	D225L	1.0
Q226D	D225M	0
Q226D	D225F	1.0
Q226D	D225Y	0
Q226D	D225W	0
Q226D	Q226E	-1
Q226D	Q226D	-1
Q226D	Q226R	-1
Q226D	Q226K	-1
Q226D	Q226H	-1
Q226D	Q226N	-1
Q226D	Q226S	-1
Q226D	Q226T	-1
Q226D	Q226P	-1
Q226D	Q226G	-1
Q226D	Q226C	-1
Q226D	Q226A	-1
Q226D	Q226V	-1
Q226D	Q226I	-1
Q226D	Q226L	-1
Q226D	Q226M	-1
Q226D	Q226F	-1
Q226D	Q226Y	-1
Q226D	Q226W	-1
Q226D	G228E	0
Q226D	G228D	0
Q226D	G228R	0
Q226D	G228K	0
Q226D	G228H	-1
Q226D	G228Q	0
Q226D	G228N	0
Q226D	G228S	0
Q226D	G228T	0
Q226D	G228P	0
Q226D	G228C	0
Q226D	G228A	0
Q226D	G228V	0
Q226D	G228I	0
Q226D	G228L	0
Q226D	G228M	0
Q226D	G228F	0
Q226D	G228Y	0
Q226D	G228W	0
Q226R	D225E	0
Q226R	D225R	0
Q226R	D225K	0
Q226R	D225H	1.0
Q226R	D225Q	0
Q226R	D225N	0
Q226R	D225S	0
Q226R	D225T	0
Q226R	D225P	0
Q226R	D225G	0
Q226R	D225C	0
Q226R	D225A	0
Q226R	D225V	0
Q226R	D225I	0
Q226R	D225L	1.0
Q226R	D225M	0
Q226R	D225F	0
Q226R	D225Y	0
Q226R	D225W	0
Q226R	Q226E	-1
Q226R	Q226D	-1
Q226R	Q226R	-1
Q226R	Q226K	-1
Q226R	Q226H	-1
Q226R	Q226N	-1
Q226R	Q226S	-1
Q226R	Q226T	-1
Q226R	Q226P	-1
Q226R	Q226G	-1
Q226R	Q226C	-1
Q226R	Q226A	-1
Q226R	Q226V	-1
Q226R	Q226I	-1
Q226R	Q226L	-1
Q226R	Q226M	-1
Q226R	Q226F	-1
Q226R	Q226Y	-1
Q226R	Q226W	-1
Q226R	G228E	0
Q226R	G228D	0
Q226R	G228R	0
Q226R	G228K	0
Q226R	G228H	0
Q226R	G228Q	0
Q226R	G228N	0
Q226R	G228S	0
Q226R	G228T	0
Q226R	G228P	0
Q226R	G228C	0
Q226R	G228A	0
Q226R	G228V	0
Q226R	G228I	0
Q226R	G228L	0
Q226R	G228M	0
Q226R	G228F	0
Q226R	G228Y	0
Q226R	G228W	0
Q226K	D225E	0
Q226K	D225R	0
Q226K	D225K	0
Q226K	D225H	0
Q226K	D225Q	0
Q226K	D225N	0
Q226K	D225S	0
Q226K	D225T	0
Q226K	D225P	0
Q226K	D225G	0
Q226K	D225C	0
Q226K	D225A	0
Q226K	D225V	0
Q226K	D225I	1.0
Q226K	D225L	0
Q226K	D225M	0
Q226K	D225F	0
Q226K	D225Y	0
Q226K	D225W	0
Q226K	Q226E	-1
Q226K	Q226D	-1
Q226K	Q226R	-1
Q226K	Q226K	-1
Q226K	Q226H	-1
Q226K	Q226N	-1
Q226K	Q226S	-1
Q226K	Q226T	-1
Q226K	Q226P	-1
Q226K	Q226G	-1
Q226K	Q226C	-1
Q226K	Q226A	-1
Q226K	Q226V	-1
Q226K	Q226I	-1
Q226K	Q226L	-1
Q226K	Q226M	-1
Q226K	Q226F	-1
Q226K	Q226Y	-1
Q226K	Q226W	-1
Q226K	G228E	0
Q226K	G228D	0
Q226K	G228R	0
Q226K	G228K	0
Q226K	G228H	0
Q226K	G228Q	0
Q226K	G228N	0
Q226K	G228S	0
Q226K	G228T	0
Q226K	G228P	0
Q226K	G228C	0
Q226K	G228A	0
Q226K	G228V	0
Q226K	G228I	0
Q226K	G228L	0
Q226K	G228M	0
Q226K	G228F	0
Q226K	G228Y	0
Q226K	G228W	0
Q226H	D225E	0
Q226H	D225R	0
Q226H	D225K	0
Q226H	D225H	0
Q226H	D225Q	1.0
Q226H	D225N	0
Q226H	D225S	0
Q226H	D225T	0
Q226H	D225P	0
Q226H	D225G	0
Q226H	D225C	0
Q226H	D225A	0
Q226H	D225V	0
Q226H	D225I	0
Q226H	D225L	0
Q226H	D225M	0
Q226H	D225F	0
Q226H	D225Y	0
Q226H	D225W	0
Q226H	Q226E	-1
Q226H	Q226D	-1
Q226H	Q226R	-1
Q226H	Q226K	-1
Q226H	Q226H	-1
Q226H	Q226N	-1
Q226H	Q226S	-1
Q226H	Q226T	-1
Q226H	Q226P	-1
Q226H	Q226G	-1
Q226H	Q226C	-1
Q226H	Q226A	-1
Q226H	Q226V	-1
Q226H	Q226I	-1
Q226H	Q226L	-1
Q226H	Q226M	-1
Q226H	Q226F	-1
Q226H	Q226Y	-1
Q226H	Q226W	-1
Q226H	G228E	0
Q226H	G228D	0
Q226H	G228R	0
Q226H	G228K	0
Q226H	G228H	0
Q226H	G228Q	0
Q226H	G228N	-1
Q226H	G228S	0
Q226H	G228T	0
Q226H	G228P	0
Q226H	G228C	0
Q226H	G228A	0
Q226H	G228V	0
Q226H	G228I	0
Q226H	G228L	0
Q226H	G228M	0
Q226H	G228F	0
Q226H	G228Y	0
Q226H	G228W	0
Q226N	D225E	0
Q226N	D225R	0
Q226N	D225K	0
Q226N	D225H	0
Q226N	D225Q	1.0
Q226N	D225N	0
Q226N	D225S	1.0
Q226N	D225T	0
Q226N	D225P	0
Q226N	D225G	1.0
Q226N	D225C	0
Q226N	D225A	0
Q226N	D225V	0
Q226N	D225I	0
Q226N	D225L	1.0
Q226N	D225M	0
Q226N	D225F	0
Q226N	D225Y	0
Q226N	D225W	0
Q226N	Q226E	-1
Q226N	Q226D	-1
Q226N	Q226R	-1
Q226N	Q226K	-1
Q226N	Q226H	-1
Q226N	Q226N	-1
Q226N	Q226S	-1
Q226N	Q226T	-1
Q226N	Q226P	-1
Q226N	Q226G	-1
Q226N	Q226C	-1
Q226N	Q226A	-1
Q226N	Q226V	-1
Q226N	Q226I	-1
Q226N	Q226L	-1
Q226N	Q226M	-1
Q226N	Q226F	-1
Q226N	Q226Y	-1
Q226N	Q226W	-1
Q226N	G228E	0
Q226N	G228D	0
Q226N	G228R	0
Q226N	G228K	0
Q226N	G228H	0
Q226N	G228Q	0
Q226N	G228N	0
Q226N	G228S	0
Q226N	G228T	0
Q226N	G228P	0
Q226N	G228C	0
Q226N	G228A	1.0
Q226N	G228V	0
Q226N	G228I	0
Q226N	G228L	0
Q226N	G228M	0
Q226N	G228F	0
Q226N	G228Y	0
Q226N	G228W	0
Q226S	D225E	0
Q226S	D225R	0
Q226S	D225K	0
Q226S	D225H	1.0
Q226S	D225Q	1.0
Q226S	D225N	0
Q226S	D225S	0
Q226S	D225T	0
Q226S	D225P	0
Q226S	D225G	1.0
Q226S	D225C	0
Q226S	D225A	1.0
Q226S	D225V	0
Q226S	D225I	0
Q226S	D225L	1.0
Q226S	D225M	1.0
Q226S	D225F	1.0
Q226S	D225Y	1.0
Q226S	D225W	0
Q226S	Q226E	-1
Q226S	Q226D	-1
Q226S	Q226R	-1
Q226S	Q226K	-1
Q226S	Q226H	-1
Q226S	Q226N	-1
Q226S	Q226S	-1
Q226S	Q226T	-1
Q226S	Q226P	-1
Q226S	Q226G	-1
Q226S	Q226C	-1
Q226S	Q226A	-1
Q226S	Q226V	-1
Q226S	Q226I	-1
Q226S	Q226L	-1
Q226S	Q226M	-1
Q226S	Q226F	-1
Q226S	Q226Y	-1
Q226S	Q226W	-1
Q226S	G228E	0
Q226S	G228D	0
Q226S	G228R	0
Q226S	G228K	0
Q226S	G228H	0
Q226S	G228Q	0
Q226S	G228N	0
Q226S	G228S	0
Q226S	G228T	0
Q226S	G228P	0
Q226S	G228C	0
Q226S	G228A	1.0
Q226S	G228V	0
Q226S	G228I	0
Q226S	G228L	0
Q226S	G228M	0
Q226S	G228F	0
Q226S	G228Y	0
Q226S	G228W	0
Q226T	D225E	0
Q226T	D225R	0
Q226T	D225K	0
Q226T	D225H	0
Q226T	D225Q	0
Q226T	D225N	0
Q226T	D225S	1.0
Q226T	D225T	0
Q226T	D225P	1.0
Q226T	D225G	1.0
Q226T	D225C	0
Q226T	D225A	0
Q226T	D225V	0
Q226T	D225I	0
Q226T	D225L	1.0
Q226T	D225M	0
Q226T	D225F	1.0
Q226T	D225Y	0
Q226T	D225W	0
Q226T	Q226E	-1
Q226T	Q226D	-1
Q226T	Q226R	-1
Q226T	Q226K	-1
Q226T	Q226H	-1
Q226T	Q226N	-1
Q226T	Q226S	-1
Q226T	Q226T	-1
Q226T	Q226P	-1
Q226T	Q226G	-1
Q226T	Q226C	-1
Q226T	Q226A	-1
Q226T	Q226V	-1
Q226T	Q226I	-1
Q226T	Q226L	-1
Q226T	Q226M	-1
Q226T	Q226F	-1
Q226T	Q226Y	-1
Q226T	Q226W	-1
Q226T	G228E	0
Q226T	G228D	0
Q226T	G228R	0
Q226T	G228K	0
Q226T	G228H	0
Q226T	G228Q	0
Q226T	G228N	0
Q226T	G228S	0
Q226T	G228T	0
Q226T	G228P	0
Q226T	G228C	0
Q226T	G228A	0
Q226T	G228V	0
Q226T	G228I	0
Q226T	G228L	0
Q226T	G228M	0
Q226T	G228F	0
Q226T	G228Y	0
Q226T	G228W	0
Q226P	D225E	0
Q226P	D225R	0
Q226P	D225K	0
Q226P	D225H	1.0
Q226P	D225Q	0
Q226P	D225N	0
Q226P	D225S	0
Q226P	D225T	0
Q226P	D225P	0
Q226P	D225G	0
Q226P	D225C	0
Q226P	D225A	0
Q226P	D225V	0
Q226P	D225I	0
Q226P	D225L	0
Q226P	D225M	0
Q226P	D225F	0
Q226P	D225Y	0
Q226P	D225W	0
Q226P	Q226E	-1
Q226P	Q226D	-1
Q226P	Q226R	-1
Q226P	Q226K	-1
Q226P	Q226H	-1
Q226P	Q226N	-1
Q226P	Q226S	-1
Q226P	Q226T	-1
Q226P	Q226P	-1
Q226P	Q226G	-1
Q226P	Q226C	-1
Q226P	Q226A	-1
Q226P	Q226V	-1
Q226P	Q226I	-1
Q226P	Q226L	-1
Q226P	Q226M	-1
Q226P	Q226F	-1
Q226P	Q226Y	-1
Q226P	Q226W	-1
Q226P	G228E	0
Q226P	G228D	0
Q226P	G228R	0
Q226P	G228K	0
Q226P	G228H	0
Q226P	G228Q	0
Q226P	G228N	0
Q226P	G228S	0
Q226P	G228T	0
Q226P	G228P	0
Q226P	G228C	0
Q226P	G228A	0
Q226P	G228V	0
Q226P	G228I	0
Q226P	G228L	0
Q226P	G228M	0
Q226P	G228F	0
Q226P	G228Y	0
Q226P	G228W	0
Q226G	D225E	0
Q226G	D225R	0
Q226G	D225K	0
Q226G	D225H	0
Q226G	D225Q	0
Q226G	D225N	0
Q226G	D225S	0
Q226G	D225T	0
Q226G	D225P	0
Q226G	D225G	0
Q226G	D225C	0
Q226G	D225A	0
Q226G	D225V	0
Q226G	D225I	0
Q226G	D225L	1.0
Q226G	D225M	0
Q226G	D225F	0
Q226G	D225Y	0
Q226G	D225W	0
Q226G	Q226E	-1
Q226G	Q226D	-1
Q226G	Q226R	-1
Q226G	Q226K	-1
Q226G	Q226H	-1
Q226G	Q226N	-1
Q226G	Q226S	-1
Q226G	Q226T	-1
Q226G	Q226P	-1
Q226G	Q226G	-1
Q226G	Q226C	-1
Q226G	Q226A	-1
Q226G	Q226V	-1
Q226G	Q226I	-1
Q226G	Q226L	-1
Q226G	Q226M	-1
Q226G	Q226F	-1
Q226G	Q226Y	-1
Q226G	Q226W	-1
Q226G	G228E	0
Q226G	G228D	0
Q226G	G228R	0
Q226G	G228K	0
Q226G	G228H	0
Q226G	G228Q	0
Q226G	G228N	0
Q226G	G228S	0
Q226G	G228T	0
Q226G	G228P	0
Q226G	G228C	0
Q226G	G228A	0
Q226G	G228V	0
Q226G	G228I	0
Q226G	G228L	0
Q226G	G228M	0
Q226G	G228F	0
Q226G	G228Y	0
Q226G	G228W	0
Q226C	D225E	0
Q226C	D225R	0
Q226C	D225K	0
Q226C	D225H	0
Q226C	D225Q	0
Q226C	D225N	0
Q226C	D225S	0
Q226C	D225T	0
Q226C	D225P	0
Q226C	D225G	0
Q226C	D225C	0
Q226C	D225A	0
Q226C	D225V	0
Q226C	D225I	0
Q226C	D225L	1.0
Q226C	D225M	0
Q226C	D225F	0
Q226C	D225Y	0
Q226C	D225W	0
Q226C	Q226E	-1
Q226C	Q226D	-1
Q226C	Q226R	-1
Q226C	Q226K	-1
Q226C	Q226H	-1
Q226C	Q226N	-1
Q226C	Q226S	-1
Q226C	Q226T	-1
Q226C	Q226P	-1
Q226C	Q226G	-1
Q226C	Q226C	-1
Q226C	Q226A	-1
Q226C	Q226V	-1
Q226C	Q226I	-1
Q226C	Q226L	-1
Q226C	Q226M	-1
Q226C	Q226F	-1
Q226C	Q226Y	-1
Q226C	Q226W	-1
Q226C	G228E	0
Q226C	G228D	0
Q226C	G228R	0
Q226C	G228K	0
Q226C	G228H	0
Q226C	G228Q	0
Q226C	G228N	0
Q226C	G228S	0
Q226C	G228T	0
Q226C	G228P	0
Q226C	G228C	0
Q226C	G228A	0
Q226C	G228V	0
Q226C	G228I	0
Q226C	G228L	0
Q226C	G228M	0
Q226C	G228F	0
Q226C	G228Y	0
Q226C	G228W	0
Q226A	D225E	0
Q226A	D225R	0
Q226A	D225K	0
Q226A	D225H	1.0
Q226A	D225Q	1.0
Q226A	D225N	1.0
Q226A	D225S	1.0
Q226A	D225T	0
Q226A	D225P	0
Q226A	D225G	1.0
Q226A	D225C	0
Q226A	D225A	1.0
Q226A	D225V	0
Q226A	D225I	0
Q226A	D225L	1.0
Q226A	D225M	1.0
Q226A	D225F	1.0
Q226A	D225Y	1.0
Q226A	D225W	0
Q226A	Q226E	-1
Q226A	Q226D	-1
Q226A	Q226R	-1
Q226A	Q226K	-1
Q226A	Q226H	-1
Q226A	Q226N	-1
Q226A	Q226S	-1
Q226A	Q226T	-1
Q226A	Q226P	-1
Q226A	Q226G	-1
Q226A	Q226C	-1
Q226A	Q226A	-1
Q226A	Q226V	-1
Q226A	Q226I	-1
Q226A	Q226L	-1
Q226A	Q226M	-1
Q226A	Q226F	-1
Q226A	Q226Y	-1
Q226A	Q226W	-1
Q226A	G228E	0
Q226A	G228D	0
Q226A	G228R	0
Q226A	G228K	0
Q226A	G228H	0
Q226A	G228Q	0
Q226A	G228N	0
Q226A	G228S	0
Q226A	G228T	0
Q226A	G228P	0
Q226A	G228C	0
Q226A	G228A	1.0
Q226A	G228V	0
Q226A	G228I	0
Q226A	G228L	0
Q226A	G228M	0
Q226A	G228F	0
Q226A	G228Y	0
Q226A	G228W	0
Q226V	D225E	0
Q226V	D225R	0
Q226V	D225K	0
Q226V	D225H	0
Q226V	D225Q	1.0
Q226V	D225N	0
Q226V	D225S	1.0
Q226V	D225T	0
Q226V	D225P	0
Q226V	D225G	0
Q226V	D225C	0
Q226V	D225A	0
Q226V	D225V	0
Q226V	D225I	0
Q226V	D225L	0
Q226V	D225M	1.0
Q226V	D225F	0
Q226V	D225Y	0
Q226V	D225W	0
Q226V	Q226E	-1
Q226V	Q226D	-1
Q226V	Q226R	-1
Q226V	Q226K	-1
Q226V	Q226H	-1
Q226V	Q226N	-1
Q226V	Q226S	-1
Q226V	Q226T	-1
Q226V	Q226P	-1
Q226V	Q226G	-1
Q226V	Q226C	-1
Q226V	Q226A	-1
Q226V	Q226V	-1
Q226V	Q226I	-1
Q226V	Q226L	-1
Q226V	Q226M	-1
Q226V	Q226F	-1
Q226V	Q226Y	-1
Q226V	Q226W	-1
Q226V	G228E	0
Q226V	G228D	0
Q226V	G228R	0
Q226V	G228K	0
Q226V	G228H	0
Q226V	G228Q	0
Q226V	G228N	0
Q226V	G228S	0
Q226V	G228T	0
Q226V	G228P	0
Q226V	G228C	0
Q226V	G228A	0
Q226V	G228V	0
Q226V	G228I	0
Q226V	G228L	0
Q226V	G228M	0
Q226V	G228F	0
Q226V	G228Y	0
Q226V	G228W	0
Q226I	D225E	0
Q226I	D225R	0
Q226I	D225K	0
Q226I	D225H	0
Q226I	D225Q	0
Q226I	D225N	0
Q226I	D225S	0
Q226I	D225T	0
Q226I	D225P	0
Q226I	D225G	0
Q226I	D225C	0
Q226I	D225A	0
Q226I	D225V	0
Q226I	D225I	0
Q226I	D225L	0
Q226I	D225M	0
Q226I	D225F	0
Q226I	D225Y	0
Q226I	D225W	0
Q226I	Q226E	-1
Q226I	Q226D	-1
Q226I	Q226R	-1
Q226I	Q226K	-1
Q226I	Q226H	-1
Q226I	Q226N	-1
Q226I	Q226S	-1
Q226I	Q226T	-1
Q226I	Q226P	-1
Q226I	Q226G	-1
Q226I	Q226C	-1
Q226I	Q226A	-1
Q226I	Q226V	-1
Q226I	Q226I	-1
Q226I	Q226L	-1
Q226I	Q226M	-1
Q226I	Q226F	-1
Q226I	Q226Y	-1
Q226I	Q226W	-1
Q226I	G228E	0
Q226I	G228D	0
Q226I	G228R	0
Q226I	G228K	0
Q226I	G228H	0
Q226I	G228Q	0
Q226I	G228N	0
Q226I	G228S	0
Q226I	G228T	0
Q226I	G228P	0
Q226I	G228C	0
Q226I	G228A	0
Q226I	G228V	0
Q226I	G228I	0
Q226I	G228L	0
Q226I	G228M	0
Q226I	G228F	0
Q226I	G228Y	0
Q226I	G228W	0
Q226L	D225E	0
Q226L	D225R	0
Q226L	D225K	0
Q226L	D225H	0
Q226L	D225Q	0
Q226L	D225N	0
Q226L	D225S	0
Q226L	D225T	0
Q226L	D225P	0
Q226L	D225G	0
Q226L	D225C	0
Q226L	D225A	0
Q226L	D225V	0
Q226L	D225I	0
Q226L	D225L	1.0
Q226L	D225M	0
Q226L	D225F	0
Q226L	D225Y	0
Q226L	D225W	0
Q226L	Q226E	-1
Q226L	Q226D	-1
Q226L	Q226R	-1
Q226L	Q226K	-1
Q226L	Q226H	-1
Q226L	Q226N	-1
Q226L	Q226S	-1
Q226L	Q226T	-1
Q226L	Q226P	-1
Q226L	Q226G	-1
Q226L	Q226C	-1
Q226L	Q226A	-1
Q226L	Q226V	-1
Q226L	Q226I	-1
Q226L	Q226L	-1
Q226L	Q226M	-1
Q226L	Q226F	-1
Q226L	Q226Y	-1
Q226L	Q226W	-1
Q226L	G228E	0
Q226L	G228D	0
Q226L	G228R	0
Q226L	G228K	0
Q226L	G228H	0
Q226L	G228Q	0
Q226L	G228N	0
Q226L	G228S	0
Q226L	G228T	0
Q226L	G228P	0
Q226L	G228C	0
Q226L	G228A	0
Q226L	G228V	0
Q226L	G228I	0
Q226L	G228L	0
Q226L	G228M	0
Q226L	G228F	0
Q226L	G228Y	0
Q226L	G228W	0
Q226M	D225E	1.0
Q226M	D225R	0
Q226M	D225K	0
Q226M	D225H	0
Q226M	D225Q	1.0
Q226M	D225N	0
Q226M	D225S	0
Q226M	D225T	0
Q226M	D225P	0
Q226M	D225G	0
Q226M	D225C	0
Q226M	D225A	0
Q226M	D225V	0
Q226M	D225I	0
Q226M	D225L	1.0
Q226M	D225M	0
Q226M	D225F	0
Q226M	D225Y	0
Q226M	D225W	0
Q226M	Q226E	-1
Q226M	Q226D	-1
Q226M	Q226R	-1
Q226M	Q226K	-1
Q226M	Q226H	-1
Q226M	Q226N	-1
Q226M	Q226S	-1
Q226M	Q226T	-1
Q226M	Q226P	-1
Q226M	Q226G	-1
Q226M	Q226C	-1
Q226M	Q226A	-1
Q226M	Q226V	-1
Q226M	Q226I	-1
Q226M	Q226L	-1
Q226M	Q226M	-1
Q226M	Q226F	-1
Q226M	Q226Y	-1
Q226M	Q226W	-1
Q226M	G228E	0
Q226M	G228D	0
Q226M	G228R	0
Q226M	G228K	0
Q226M	G228H	0
Q226M	G228Q	0
Q226M	G228N	0
Q226M	G228S	0
Q226M	G228T	0
Q226M	G228P	0
Q226M	G228C	0
Q226M	G228A	1.0
Q226M	G228V	0
Q226M	G228I	0
Q226M	G228L	0
Q226M	G228M	0
Q226M	G228F	0
Q226M	G228Y	0
Q226M	G228W	0
Q226F	D225E	0
Q226F	D225R	0
Q226F	D225K	0
Q226F	D225H	0
Q226F	D225Q	0
Q226F	D225N	0
Q226F	D225S	0
Q226F	D225T	0
Q226F	D225P	0
Q226F	D225G	0
Q226F	D225C	0
Q226F	D225A	0
Q226F	D225V	0
Q226F	D225I	0
Q226F	D225L	0
Q226F	D225M	0
Q226F	D225F	0
Q226F	D225Y	0
Q226F	D225W	0
Q226F	Q226E	-1
Q226F	Q226D	-1
Q226F	Q226R	-1
Q226F	Q226K	-1
Q226F	Q226H	-1
Q226F	Q226N	-1
Q226F	Q226S	-1
Q226F	Q226T	-1
Q226F	Q226P	-1
Q226F	Q226G	-1
Q226F	Q226C	-1
Q226F	Q226A	-1
Q226F	Q226V	-1
Q226F	Q226I	-1
Q226F	Q226L	-1
Q226F	Q226M	-1
Q226F	Q226F	-1
Q226F	Q226Y	-1
Q226F	Q226W	-1
Q226F	G228E	0
Q226F	G228D	0
Q226F	G228R	0
Q226F	G228K	0
Q226F	G228H	0
Q226F	G228Q	0
Q226F	G228N	0
Q226F	G228S	1.0
Q226F	G228T	0
Q226F	G228P	0
Q226F	G228C	0
Q226F	G228A	0
Q226F	G228V	0
Q226F	G228I	0
Q226F	G228L	0
Q226F	G228M	0
Q226F	G228F	0
Q226F	G228Y	0
Q226F	G228W	0
Q226Y	D225E	0
Q226Y	D225R	1.0
Q226Y	D225K	0
Q226Y	D225H	0
Q226Y	D225Q	0
Q226Y	D225N	0
Q226Y	D225S	0
Q226Y	D225T	0
Q226Y	D225P	0
Q226Y	D225G	0
Q226Y	D225C	0
Q226Y	D225A	0
Q226Y	D225V	0
Q226Y	D225I	0
Q226Y	D225L	1.0
Q226Y	D225M	0
Q226Y	D225F	0
Q226Y	D225Y	0
Q226Y	D225W	0
Q226Y	Q226E	-1
Q226Y	Q226D	-1
Q226Y	Q226R	-1
Q226Y	Q226K	-1
Q226Y	Q226H	-1
Q226Y	Q226N	-1
Q226Y	Q226S	-1
Q226Y	Q226T	-1
Q226Y	Q226P	-1
Q226Y	Q226G	-1
Q226Y	Q226C	-1
Q226Y	Q226A	-1
Q226Y	Q226V	-1
Q226Y	Q226I	-1
Q226Y	Q226L	-1
Q226Y	Q226M	-1
Q226Y	Q226F	-1
Q226Y	Q226Y	-1
Q226Y	Q226W	-1
Q226Y	G228E	0
Q226Y	G228D	0
Q226Y	G228R	0
Q226Y	G228K	0
Q226Y	G228H	0
Q226Y	G228Q	0
Q226Y	G228N	0
Q226Y	G228S	0
Q226Y	G228T	0
Q226Y	G228P	0
Q226Y	G228C	0
Q226Y	G228A	0
Q226Y	G228V	0
Q226Y	G228I	0
Q226Y	G228L	0
Q226Y	G228M	0
Q226Y	G228F	0
Q226Y	G228Y	0
Q226Y	G228W	0
Q226W	D225E	0
Q226W	D225R	0
Q226W	D225K	0
Q226W	D225H	0
Q226W	D225Q	0
Q226W	D225N	0
Q226W	D225S	0
Q226W	D225T	0
Q226W	D225P	0
Q226W	D225G	0
Q226W	D225C	0
Q226W	D225A	0
Q226W	D225V	0
Q226W	D225I	0
Q226W	D225L	0
Q226W	D225M	0
Q226W	D225F	0
Q226W	D225Y	0
Q226W	D225W	0
Q226W	Q226E	-1
Q226W	Q226D	-1
Q226W	Q226R	-1
Q226W	Q226K	-1
Q226W	Q226H	-1
Q226W	Q226N	-1
Q226W	Q226S	-1
Q226W	Q226T	-1
Q226W	Q226P	-1
Q226W	Q226G	-1
Q226W	Q226C	-1
Q226W	Q226A	-1
Q226W	Q226V	-1
Q226W	Q226I	-1
Q226W	Q226L	-1
Q226W	Q226M	-1
Q226W	Q226F	-1
Q226W	Q226Y	-1
Q226W	Q226W	-1
Q226W	G228E	0
Q226W	G228D	0
Q226W	G228R	0
Q226W	G228K	0
Q226W	G228H	0
Q226W	G228Q	0
Q226W	G228N	0
Q226W	G228S	0
Q226W	G228T	0
Q226W	G228P	0
Q226W	G228C	0
Q226W	G228A	0
Q226W	G228V	0
Q226W	G228I	0
Q226W	G228L	0
Q226W	G228M	0
Q226W	G228F	0
Q226W	G228Y	0
Q226W	G228W	0
G228E	D225E	0
G228E	D225R	0
G228E	D225K	-1
G228E	D225H	-1
G228E	D225Q	0
G228E	D225N	-1
G228E	D225S	0
G228E	D225T	0
G228E	D225P	-1
G228E	D225G	0
G228E	D225C	0
G228E	D225A	0
G228E	D225V	0
G228E	D225I	-1
G228E	D225L	0
G228E	D225M	0
G228E	D225F	0
G228E	D225Y	-1
G228E	D225W	0
G228E	Q226E	0
G228E	Q226D	0
G228E	Q226R	0
G228E	Q226K	0
G228E	Q226H	0
G228E	Q226N	0
G228E	Q226S	0
G228E	Q226T	0
G228E	Q226P	0
G228E	Q226G	0
G228E	Q226C	0
G228E	Q226A	0
G228E	Q226V	0
G228E	Q226I	0
G228E	Q226L	0
G228E	Q226M	0
G228E	Q226F	0
G228E	Q226Y	0
G228E	Q226W	0
G228E	G228E	-1
G228E	G228D	-1
G228E	G228R	-1
G228E	G228K	-1
G228E	G228H	-1
G228E	G228Q	-1
G228E	G228N	-1
G228E	G228S	-1
G228E	G228T	-1
G228E	G228P	-1
G228E	G228C	-1
G228E	G228A	-1
G228E	G228V	-1
G228E	G228I	-1
G228E	G228L	-1
G228E	G228M	-1
G228E	G228F	-1
G228E	G228Y	-1
G228E	G228W	-1
G228D	D225E	0
G228D	D225R	0
G228D	D225K	-1
G228D	D225H	-1
G228D	D225Q	0
G228D	D225N	-1
G228D	D225S	0
G228D	D225T	0
G228D	D225P	0
G228D	D225G	0
G228D	D225C	0
G228D	D225A	0
G228D	D225V	0
G228D	D225I	0
G228D	D225L	0
G228D	D225M	0
G228D	D225F	0
G228D	D225Y	0
G228D	D225W	0
G228D	Q226E	0
G228D	Q226D	0
G228D	Q226R	0
G228D	Q226K	0
G228D	Q226H	0
G228D	Q226N	0
G228D	Q226S	0
G228D	Q226T	0
G228D	Q226P	0
G228D	Q226G	0
G228D	Q226C	0
G228D	Q226A	0
G228D	Q226V	0
G228D	Q226I	0
G228D	Q226L	0
G228D	Q226M	0
G228D	Q226F	0
G228D	Q226Y	0
G228D	Q226W	0
G228D	G228E	-1
G228D	G228D	-1
G228D	G228R	-1
G228D	G228K	-1
G228D	G228H	-1
G228D	G228Q	-1
G228D	G228N	-1
G228D	G228S	-1
G228D	G228T	-1
G228D	G228P	-1
G228D	G228C	-1
G228D	G228A	-1
G228D	G228V	-1
G228D	G228I	-1
G228D	G228L	-1
G228D	G228M	-1
G228D	G228F	-1
G228D	G228Y	-1
G228D	G228W	-1
G228R	D225E	0
G228R	D225R	0
G228R	D225K	0
G228R	D225H	0
G228R	D225Q	0
G228R	D225N	0
G228R	D225S	0
G228R	D225T	0
G228R	D225P	0
G228R	D225G	0
G228R	D225C	0
G228R	D225A	0
G228R	D225V	0
G228R	D225I	-1
G228R	D225L	0
G228R	D225M	0
G228R	D225F	0
G228R	D225Y	0
G228R	D225W	0
G228R	Q226E	0
G228R	Q226D	0
G228R	Q226R	0
G228R	Q226K	0
G228R	Q226H	0
G228R	Q226N	0
G228R	Q226S	0
G228R	Q226T	0
G228R	Q226P	0
G228R	Q226G	0
G228R	Q226C	0
G228R	Q226A	0
G228R	Q226V	0
G228R	Q226I	0
G228R	Q226L	0
G228R	Q226M	0
G228R	Q226F	0
G228R	Q226Y	0
G228R	Q226W	0
G228R	G228E	-1
G228R	G228D	-1
G228R	G228R	-1
G228R	G228K	-1
G228R	G228H	-1
G228R	G228Q	-1
G228R	G228N	-1
G228R	G228S	-1
G228R	G228T	-1
G228R	G228P	-1
G228R	G228C	-1
G228R	G228A	-1
G228R	G228V	-1
G228R	G228I	-1
G228R	G228L	-1
G228R	G228M	-1
G228R	G228F	-1
G228R	G228Y	-1
G228R	G228W	-1
G228K	D225E	-1
G228K	D225R	0
G228K	D225K	-1
G228K	D225H	-1
G228K	D225Q	-1
G228K	D225N	-1
G228K	D225S	0
G228K	D225T	0
G228K	D225P	0
G228K	D225G	0
G228K	D225C	-1
G228K	D225A	-1
G228K	D225V	0
G228K	D225I	0
G228K	D225L	0
G228K	D225M	-1
G228K	D225F	-1
G228K	D225Y	-1
G228K	D225W	0
G228K	Q226E	0
G228K	Q226D	0
G228K	Q226R	0
G228K	Q226K	0
G228K	Q226H	0
G228K	Q226N	0
G228K	Q226S	0
G228K	Q226T	0
G228K	Q226P	0
G228K	Q226G	0
G228K	Q226C	0
G228K	Q226A	0
G228K	Q226V	0
G228K	Q226I	0
G228K	Q226L	0
G228K	Q226M	0
G228K	Q226F	0
G228K	Q226Y	0
G228K	Q226W	0
G228K	G228E	-1
G228K	G228D	-1
G228K	G228R	-1
G228K	G228K	-1
G228K	G228H	-1
G228K	G228Q	-1
G228K	G228N	-1
G228K	G228S	-1
G228K	G228T	-1
G228K	G228P	-1
G228K	G228C	-1
G228K	G228A	-1
G228K	G228V	-1
G228K	G228I	-1
G228K	G228L	-1
G228K	G228M	-1
G228K	G228F	-1
G228K	G228Y	-1
G228K	G228W	-1
G228H	D225E	0
G228H	D225R	0
G228H	D225K	-1
G228H	D225H	-1
G228H	D225Q	-1
G228H	D225N	-1
G228H	D225S	-1
G228H	D225T	-1
G228H	D225P	0
G228H	D225G	0
G228H	D225C	-1
G228H	D225A	-1
G228H	D225V	0
G228H	D225I	-1
G228H	D225L	0
G228H	D225M	-1
G228H	D225F	-1
G228H	D225Y	-1
G228H	D225W	0
G228H	Q226E	0
G228H	Q226D	-1
G228H	Q226R	0
G228H	Q226K	0
G228H	Q226H	0
G228H	Q226N	0
G228H	Q226S	0
G228H	Q226T	0
G228H	Q226P	0
G228H	Q226G	0
G228H	Q226C	0
G228H	Q226A	0
G228H	Q226V	0
G228H	Q226I	0
G228H	Q226L	0
G228H	Q226M	0
G228H	Q226F	0
G228H	Q226Y	0
G228H	Q226W	0
G228H	G228E	-1
G228H	G228D	-1
G228H	G228R	-1
G228H	G228K	-1
G228H	G228H	-1
G228H	G228Q	-1
G228H	G228N	-1
G228H	G228S	-1
G228H	G228T	-1
G228H	G228P	-1
G228H	G228C	-1
G228H	G228A	-1
G228H	G228V	-1
G228H	G228I	-1
G228H	G228L	-1
G228H	G228M	-1
G228H	G228F	-1
G228H	G228Y	-1
G228H	G228W	-1
G228Q	D225E	-1
G228Q	D225R	0
G228Q	D225K	-1
G228Q	D225H	-1
G228Q	D225Q	-1
G228Q	D225N	-1
G228Q	D225S	0
G228Q	D225T	0
G228Q	D225P	-1
G228Q	D225G	0
G228Q	D225C	-1
G228Q	D225A	0
G228Q	D225V	0
G228Q	D225I	-1
G228Q	D225L	0
G228Q	D225M	-1
G228Q	D225F	-1
G228Q	D225Y	-1
G228Q	D225W	0
G228Q	Q226E	0
G228Q	Q226D	0
G228Q	Q226R	0
G228Q	Q226K	0
G228Q	Q226H	0
G228Q	Q226N	0
G228Q	Q226S	0
G228Q	Q226T	0
G228Q	Q226P	0
G228Q	Q226G	0
G228Q	Q226C	0
G228Q	Q226A	0
G228Q	Q226V	0
G228Q	Q226I	0
G228Q	Q226L	0
G228Q	Q226M	0
G228Q	Q226F	0
G228Q	Q226Y	0
G228Q	Q226W	0
G228Q	G228E	-1
G228Q	G228D	-1
G228Q	G228R	-1
G228Q	G228K	-1
G228Q	G228H	-1
G228Q	G228Q	-1
G228Q	G228N	-1
G228Q	G228S	-1
G228Q	G228T	-1
G228Q	G228P	-1
G228Q	G228C	-1
G228Q	G228A	-1
G228Q	G228V	-1
G228Q	G228I	-1
G228Q	G228L	-1
G228Q	G228M	-1
G228Q	G228F	-1
G228Q	G228Y	-1
G228Q	G228W	-1
G228N	D225E	0
G228N	D225R	0
G228N	D225K	-1
G228N	D225H	-1
G228N	D225Q	-1
G228N	D225N	-1
G228N	D225S	0
G228N	D225T	-1
G228N	D225P	-1
G228N	D225G	0
G228N	D225C	-1
G228N	D225A	0
G228N	D225V	0
G228N	D225I	-1
G228N	D225L	0
G228N	D225M	-1
G228N	D225F	-1
G228N	D225Y	-1
G228N	D225W	0
G228N	Q226E	0
G228N	Q226D	0
G228N	Q226R	0
G228N	Q226K	0
G228N	Q226H	-1
G228N	Q226N	0
G228N	Q226S	0
G228N	Q226T	0
G228N	Q226P	0
G228N	Q226G	0
G228N	Q226C	0
G228N	Q226A	0
G228N	Q226V	0
G228N	Q226I	0
G228N	Q226L	0
G228N	Q226M	0
G228N	Q226F	0
G228N	Q226Y	0
G228N	Q226W	0
G228N	G228E	-1
G228N	G228D	-1
G228N	G228R	-1
G228N	G228K	-1
G228N	G228H	-1
G228N	G228Q	-1
G228N	G228N	-1
G228N	G228S	-1
G228N	G228T	-1
G228N	G228P	-1
G228N	G228C	-1
G228N	G228A	-1
G228N	G228V	-1
G228N	G228I	-1
G228N	G228L	-1
G228N	G228M	-1
G228N	G228F	-1
G228N	G228Y	-1
G228N	G228W	-1
G228S	D225E	0
G228S	D225R	0
G228S	D225K	0
G228S	D225H	0
G228S	D225Q	0
G228S	D225N	0
G228S	D225S	0
G228S	D225T	0
G228S	D225P	0
G228S	D225G	0
G228S	D225C	0
G228S	D225A	0
G228S	D225V	0
G228S	D225I	0
G228S	D225L	0
G228S	D225M	0
G228S	D225F	0
G228S	D225Y	0
G228S	D225W	0
G228S	Q226E	0
G228S	Q226D	0
G228S	Q226R	0
G228S	Q226K	0
G228S	Q226H	0
G228S	Q226N	0
G228S	Q226S	0
G228S	Q226T	0
G228S	Q226P	0
G228S	Q226G	0
G228S	Q226C	0
G228S	Q226A	0
G228S	Q226V	0
G228S	Q226I	0
G228S	Q226L	0
G228S	Q226M	0
G228S	Q226F	1.0
G228S	Q226Y	0
G228S	Q226W	0
G228S	G228E	-1
G228S	G228D	-1
G228S	G228R	-1
G228S	G228K	-1
G228S	G228H	-1
G228S	G228Q	-1
G228S	G228N	-1
G228S	G228S	-1
G228S	G228T	-1
G228S	G228P	-1
G228S	G228C	-1
G228S	G228A	-1
G228S	G228V	-1
G228S	G228I	-1
G228S	G228L	-1
G228S	G228M	-1
G228S	G228F	-1
G228S	G228Y	-1
G228S	G228W	-1
G228T	D225E	-1
G228T	D225R	0
G228T	D225K	0
G228T	D225H	-1
G228T	D225Q	-1
G228T	D225N	-1
G228T	D225S	0
G228T	D225T	0
G228T	D225P	0
G228T	D225G	0
G228T	D225C	0
G228T	D225A	0
G228T	D225V	0
G228T	D225I	-1
G228T	D225L	0
G228T	D225M	0
G228T	D225F	-1
G228T	D225Y	-1
G228T	D225W	0
G228T	Q226E	0
G228T	Q226D	0
G228T	Q226R	0
G228T	Q226K	0
G228T	Q226H	0
G228T	Q226N	0
G228T	Q226S	0
G228T	Q226T	0
G228T	Q226P	0
G228T	Q226G	0
G228T	Q226C	0
G228T	Q226A	0
G228T	Q226V	0
G228T	Q226I	0
G228T	Q226L	0
G228T	Q226M	0
G228T	Q226F	0
G228T	Q226Y	0
G228T	Q226W	0
G228T	G228E	-1
G228T	G228D	-1
G228T	G228R	-1
G228T	G228K	-1
G228T	G228H	-1
G228T	G228Q	-1
G228T	G228N	-1
G228T	G228S	-1
G228T	G228T	-1
G228T	G228P	-1
G228T	G228C	-1
G228T	G228A	-1
G228T	G228V	-1
G228T	G228I	-1
G228T	G228L	-1
G228T	G228M	-1
G228T	G228F	-1
G228T	G228Y	-1
G228T	G228W	-1
G228P	D225E	-1
G228P	D225R	0
G228P	D225K	-1
G228P	D225H	0
G228P	D225Q	0
G228P	D225N	0
G228P	D225S	0
G228P	D225T	-1
G228P	D225P	-1
G228P	D225G	0
G228P	D225C	0
G228P	D225A	0
G228P	D225V	0
G228P	D225I	0
G228P	D225L	0
G228P	D225M	-1
G228P	D225F	-1
G228P	D225Y	-1
G228P	D225W	0
G228P	Q226E	0
G228P	Q226D	0
G228P	Q226R	0
G228P	Q226K	0
G228P	Q226H	0
G228P	Q226N	0
G228P	Q226S	0
G228P	Q226T	0
G228P	Q226P	0
G228P	Q226G	0
G228P	Q226C	0
G228P	Q226A	0
G228P	Q226V	0
G228P	Q226I	0
G228P	Q226L	0
G228P	Q226M	0
G228P	Q226F	0
G228P	Q226Y	0
G228P	Q226W	0
G228P	G228E	-1
G228P	G228D	-1
G228P	G228R	-1
G228P	G228K	-1
G228P	G228H	-1
G228P	G228Q	-1
G228P	G228N	-1
G228P	G228S	-1
G228P	G228T	-1
G228P	G228P	-1
G228P	G228C	-1
G228P	G228A	-1
G228P	G228V	-1
G228P	G228I	-1
G228P	G228L	-1
G228P	G228M	-1
G228P	G228F	-1
G228P	G228Y	-1
G228P	G228W	-1
G228C	D225E	0
G228C	D225R	0
G228C	D225K	-1
G228C	D225H	0
G228C	D225Q	0
G228C	D225N	0
G228C	D225S	0
G228C	D225T	0
G228C	D225P	-1
G228C	D225G	0
G228C	D225C	0
G228C	D225A	0
G228C	D225V	0
G228C	D225I	0
G228C	D225L	0
G228C	D225M	0
G228C	D225F	0
G228C	D225Y	0
G228C	D225W	0
G228C	Q226E	0
G228C	Q226D	0
G228C	Q226R	0
G228C	Q226K	0
G228C	Q226H	0
G228C	Q226N	0
G228C	Q226S	0
G228C	Q226T	0
G228C	Q226P	0
G228C	Q226G	0
G228C	Q226C	0
G228C	Q226A	0
G228C	Q226V	0
G228C	Q226I	0
G228C	Q226L	0
G228C	Q226M	0
G228C	Q226F	0
G228C	Q226Y	0
G228C	Q226W	0
G228C	G228E	-1
G228C	G228D	-1
G228C	G228R	-1
G228C	G228K	-1
G228C	G228H	-1
G228C	G228Q	-1
G228C	G228N	-1
G228C	G228S	-1
G228C	G228T	-1
G228C	G228P	-1
G228C	G228C	-1
G228C	G228A	-1
G228C	G228V	-1
G228C	G228I	-1
G228C	G228L	-1
G228C	G228M	-1
G228C	G228F	-1
G228C	G228Y	-1
G228C	G228W	-1
G228A	D225E	0
G228A	D225R	0
G228A	D225K	-1
G228A	D225H	0
G228A	D225Q	-1
G228A	D225N	0
G228A	D225S	0
G228A	D225T	0
G228A	D225P	0
G228A	D225G	0
G228A	D225C	0
G228A	D225A	0
G228A	D225V	0
G228A	D225I	0
G228A	D225L	0
G228A	D225M	0
G228A	D225F	0
G228A	D225Y	0
G228A	D225W	0
G228A	Q226E	0
G228A	Q226D	0
G228A	Q226R	0
G228A	Q226K	0
G228A	Q226H	0
G228A	Q226N	1.0
G228A	Q226S	1.0
G228A	Q226T	0
G228A	Q226P	0
G228A	Q226G	0
G228A	Q226C	0
G228A	Q226A	1.0
G228A	Q226V	0
G228A	Q226I	0
G228A	Q226L	0
G228A	Q226M	1.0
G228A	Q226F	0
G228A	Q226Y	0
G228A	Q226W	0
G228A	G228E	-1
G228A	G228D	-1
G228A	G228R	-1
G228A	G228K	-1
G228A	G228H	-1
G228A	G228Q	-1
G228A	G228N	-1
G228A	G228S	-1
G228A	G228T	-1
G228A	G228P	-1
G228A	G228C	-1
G228A	G228A	-1
G228A	G228V	-1
G228A	G228I	-1
G228A	G228L	-1
G228A	G228M	-1
G228A	G228F	-1
G228A	G228Y	-1
G228A	G228W	-1
G228V	D225E	0
G228V	D225R	0
G228V	D225K	0
G228V	D225H	0
G228V	D225Q	0
G228V	D225N	0
G228V	D225S	0
G228V	D225T	0
G228V	D225P	0
G228V	D225G	0
G228V	D225C	0
G228V	D225A	0
G228V	D225V	0
G228V	D225I	0
G228V	D225L	0
G228V	D225M	0
G228V	D225F	0
G228V	D225Y	0
G228V	D225W	0
G228V	Q226E	0
G228V	Q226D	0
G228V	Q226R	0
G228V	Q226K	0
G228V	Q226H	0
G228V	Q226N	0
G228V	Q226S	0
G228V	Q226T	0
G228V	Q226P	0
G228V	Q226G	0
G228V	Q226C	0
G228V	Q226A	0
G228V	Q226V	0
G228V	Q226I	0
G228V	Q226L	0
G228V	Q226M	0
G228V	Q226F	0
G228V	Q226Y	0
G228V	Q226W	0
G228V	G228E	-1
G228V	G228D	-1
G228V	G228R	-1
G228V	G228K	-1
G228V	G228H	-1
G228V	G228Q	-1
G228V	G228N	-1
G228V	G228S	-1
G228V	G228T	-1
G228V	G228P	-1
G228V	G228C	-1
G228V	G228A	-1
G228V	G228V	-1
G228V	G228I	-1
G228V	G228L	-1
G228V	G228M	-1
G228V	G228F	-1
G228V	G228Y	-1
G228V	G228W	-1
G228I	D225E	-1
G228I	D225R	0
G228I	D225K	0
G228I	D225H	-1
G228I	D225Q	-1
G228I	D225N	-1
G228I	D225S	0
G228I	D225T	0
G228I	D225P	-1
G228I	D225G	0
G228I	D225C	0
G228I	D225A	0
G228I	D225V	0
G228I	D225I	-1
G228I	D225L	0
G228I	D225M	0
G228I	D225F	-1
G228I	D225Y	0
G228I	D225W	0
G228I	Q226E	0
G228I	Q226D	0
G228I	Q226R	0
G228I	Q226K	0
G228I	Q226H	0
G228I	Q226N	0
G228I	Q226S	0
G228I	Q226T	0
G228I	Q226P	0
G228I	Q226G	0
G228I	Q226C	0
G228I	Q226A	0
G228I	Q226V	0
G228I	Q226I	0
G228I	Q226L	0
G228I	Q226M	0
G228I	Q226F	0
G228I	Q226Y	0
G228I	Q226W	0
G228I	G228E	-1
G228I	G228D	-1
G228I	G228R	-1
G228I	G228K	-1
G228I	G228H	-1
G228I	G228Q	-1
G228I	G228N	-1
G228I	G228S	-1
G228I	G228T	-1
G228I	G228P	-1
G228I	G228C	-1
G228I	G228A	-1
G228I	G228V	-1
G228I	G228I	-1
G228I	G228L	-1
G228I	G228M	-1
G228I	G228F	-1
G228I	G228Y	-1
G228I	G228W	-1
G228L	D225E	0
G228L	D225R	0
G228L	D225K	0
G228L	D225H	0
G228L	D225Q	0
G228L	D225N	0
G228L	D225S	0
G228L	D225T	0
G228L	D225P	0
G228L	D225G	0
G228L	D225C	0
G228L	D225A	0
G228L	D225V	0
G228L	D225I	0
G228L	D225L	0
G228L	D225M	0
G228L	D225F	0
G228L	D225Y	0
G228L	D225W	0
G228L	Q226E	0
G228L	Q226D	0
G228L	Q226R	0
G228L	Q226K	0
G228L	Q226H	0
G228L	Q226N	0
G228L	Q226S	0
G228L	Q226T	0
G228L	Q226P	0
G228L	Q226G	0
G228L	Q226C	0
G228L	Q226A	0
G228L	Q226V	0
G228L	Q226I	0
G228L	Q226L	0
G228L	Q226M	0
G228L	Q226F	0
G228L	Q226Y	0
G228L	Q226W	0
G228L	G228E	-1
G228L	G228D	-1
G228L	G228R	-1
G228L	G228K	-1
G228L	G228H	-1
G228L	G228Q	-1
G228L	G228N	-1
G228L	G228S	-1
G228L	G228T	-1
G228L	G228P	-1
G228L	G228C	-1
G228L	G228A	-1
G228L	G228V	-1
G228L	G228I	-1
G228L	G228L	-1
G228L	G228M	-1
G228L	G228F	-1
G228L	G228Y	-1
G228L	G228W	-1
G228M	D225E	-1
G228M	D225R	0
G228M	D225K	-1
G228M	D225H	-1
G228M	D225Q	-1
G228M	D225N	-1
G228M	D225S	0
G228M	D225T	0
G228M	D225P	-1
G228M	D225G	0
G228M	D225C	-1
G228M	D225A	0
G228M	D225V	0
G228M	D225I	-1
G228M	D225L	0
G228M	D225M	0
G228M	D225F	0
G228M	D225Y	-1
G228M	D225W	0
G228M	Q226E	0
G228M	Q226D	0
G228M	Q226R	0
G228M	Q226K	0
G228M	Q226H	0
G228M	Q226N	0
G228M	Q226S	0
G228M	Q226T	0
G228M	Q226P	0
G228M	Q226G	0
G228M	Q226C	0
G228M	Q226A	0
G228M	Q226V	0
G228M	Q226I	0
G228M	Q226L	0
G228M	Q226M	0
G228M	Q226F	0
G228M	Q226Y	0
G228M	Q226W	0
G228M	G228E	-1
G228M	G228D	-1
G228M	G228R	-1
G228M	G228K	-1
G228M	G228H	-1
G228M	G228Q	-1
G228M	G228N	-1
G228M	G228S	-1
G228M	G228T	-1
G228M	G228P	-1
G228M	G228C	-1
G228M	G228A	-1
G228M	G228V	-1
G228M	G228I	-1
G228M	G228L	-1
G228M	G228M	-1
G228M	G228F	-1
G228M	G228Y	-1
G228M	G228W	-1
G228F	D225E	-1
G228F	D225R	0
G228F	D225K	-1
G228F	D225H	-1
G228F	D225Q	-1
G228F	D225N	-1
G228F	D225S	0
G228F	D225T	0
G228F	D225P	0
G228F	D225G	0
G228F	D225C	0
G228F	D225A	0
G228F	D225V	0
G228F	D225I	-1
G228F	D225L	0
G228F	D225M	-1
G228F	D225F	0
G228F	D225Y	0
G228F	D225W	-1
G228F	Q226E	0
G228F	Q226D	0
G228F	Q226R	0
G228F	Q226K	0
G228F	Q226H	0
G228F	Q226N	0
G228F	Q226S	0
G228F	Q226T	0
G228F	Q226P	0
G228F	Q226G	0
G228F	Q226C	0
G228F	Q226A	0
G228F	Q226V	0
G228F	Q226I	0
G228F	Q226L	0
G228F	Q226M	0
G228F	Q226F	0
G228F	Q226Y	0
G228F	Q226W	0
G228F	G228E	-1
G228F	G228D	-1
G228F	G228R	-1
G228F	G228K	-1
G228F	G228H	-1
G228F	G228Q	-1
G228F	G228N	-1
G228F	G228S	-1
G228F	G228T	-1
G228F	G228P	-1
G228F	G228C	-1
G228F	G228A	-1
G228F	G228V	-1
G228F	G228I	-1
G228F	G228L	-1
G228F	G228M	-1
G228F	G228F	-1
G228F	G228Y	-1
G228F	G228W	-1
G228Y	D225E	-1
G228Y	D225R	0
G228Y	D225K	-1
G228Y	D225H	-1
G228Y	D225Q	-1
G228Y	D225N	-1
G228Y	D225S	0
G228Y	D225T	-1
G228Y	D225P	-1
G228Y	D225G	0
G228Y	D225C	0
G228Y	D225A	0
G228Y	D225V	0
G228Y	D225I	-1
G228Y	D225L	0
G228Y	D225M	0
G228Y	D225F	-1
G228Y	D225Y	-1
G228Y	D225W	0
G228Y	Q226E	0
G228Y	Q226D	0
G228Y	Q226R	0
G228Y	Q226K	0
G228Y	Q226H	0
G228Y	Q226N	0
G228Y	Q226S	0
G228Y	Q226T	0
G228Y	Q226P	0
G228Y	Q226G	0
G228Y	Q226C	0
G228Y	Q226A	0
G228Y	Q226V	0
G228Y	Q226I	0
G228Y	Q226L	0
G228Y	Q226M	0
G228Y	Q226F	0
G228Y	Q226Y	0
G228Y	Q226W	0
G228Y	G228E	-1
G228Y	G228D	-1
G228Y	G228R	-1
G228Y	G228K	-1
G228Y	G228H	-1
G228Y	G228Q	-1
G228Y	G228N	-1
G228Y	G228S	-1
G228Y	G228T	-1
G228Y	G228P	-1
G228Y	G228C	-1
G228Y	G228A	-1
G228Y	G228V	-1
G228Y	G228I	-1
G228Y	G228L	-1
G228Y	G228M	-1
G228Y	G228F	-1
G228Y	G228Y	-1
G228Y	G228W	-1
G228W	D225E	0
G228W	D225R	0
G228W	D225K	0
G228W	D225H	0
G228W	D225Q	0
G228W	D225N	0
G228W	D225S	0
G228W	D225T	0
G228W	D225P	0
G228W	D225G	0
G228W	D225C	0
G228W	D225A	0
G228W	D225V	0
G228W	D225I	-1
G228W	D225L	0
G228W	D225M	0
G228W	D225F	0
G228W	D225Y	0
G228W	D225W	0
G228W	Q226E	0
G228W	Q226D	0
G228W	Q226R	0
G228W	Q226K	0
G228W	Q226H	0
G228W	Q226N	0
G228W	Q226S	0
G228W	Q226T	0
G228W	Q226P	0
G228W	Q226G	0
G228W	Q226C	0
G228W	Q226A	0
G228W	Q226V	0
G228W	Q226I	0
G228W	Q226L	0
G228W	Q226M	0
G228W	Q226F	0
G228W	Q226Y	0
G228W	Q226W	0
G228W	G228E	-1
G228W	G228D	-1
G228W	G228R	-1
G228W	G228K	-1
G228W	G228H	-1
G228W	G228Q	-1
G228W	G228N	-1
G228W	G228S	-1
G228W	G228T	-1
G228W	G228P	-1
G228W	G228C	-1
G228W	G228A	-1
G228W	G228V	-1
G228W	G228I	-1
G228W	G228L	-1
G228W	G228M	-1
G228W	G228F	-1
G228W	G228Y	-1
G228W	G228W	-1
